REGISTRO,ANNO,NUMERO
PG,2023,83544
PG,2023,75069
PG,2023,90131
PG,2023,67522
PG,2023,106893
PG,2023,74234
PG,2023,53877
PG,2023,58958
PG,2023,41508
PG,2023,41389
PG,2023,107975
DELI,2023,212
PG,2023,67701
PG,2023,103729
PG,2023,76780
PG,2023,29943
PG,2023,52655
PG,2023,65878
PG,2023,108587
PG,2023,93404
PG,2023,82747
PG,2023,101544
PG,2023,71828
PG,2023,63781
PG,2022,92003
PG,2023,40184
PG,2023,102228
PG,2023,67752
PG,2023,63898
PG,2023,70262
PG,2023,59035
PG,2023,73799
PG,2023,91597
PG,2023,92414
PG,2023,105801
PG,2023,104298
PG,2023,59593
PG,2023,87372
PG,2023,104964
PG,2023,70419
PG,2023,101848
PG,2023,88411
PG,2023,106216
PG,2023,61565
PG,2023,92007
PG,2023,76373
PG,2023,88315
PG,2023,55063
PG,2023,71858
PG,2023,57328
PG,2023,103095
PG,2023,53682
PG,2023,90300
PG,2023,67839
PG,2023,44524
PG,2023,90963
PG,2023,72344
PG,2023,59505
PG,2023,91817
PG,2023,59712
PG,2023,49159
PG,2023,83243
PG,2023,43468
PG,2023,69173
PG,2023,75526
PG,2023,71503
PG,2023,56323
PG,2023,101514
PG,2023,74744
PG,2023,40312
PG,2023,112071
PG,2023,54502
PG,2023,82168
PG,2023,91466
PG,2023,79885
PG,2023,60194
PG,2023,80447
PG,2023,104465
PG,2023,3591
PG,2023,110012
PG,2023,70083
PG,2023,110808
PG,2023,74045
PG,2023,50300
PG,2023,112689
PG,2023,100881
PG,2023,101163
PG,2023,59553
PG,2023,77891
PG,2023,74777
PG,2023,53964
PG,2023,89308
PG,2023,73937
PG,2023,65622
PG,2023,58516
PG,2023,71000
PG,2023,45867
PG,2023,42128
PG,2023,72601
PG,2023,67857
PG,2023,67227
PG,2023,90231
PG,2023,61586
PG,2023,74867
PG,2023,85226
PG,2023,106743
PG,2023,78353
PG,2023,72170
PG,2023,107887
PG,2023,85823
PG,2023,67387
PG,2023,105135
PG,2023,70398
PG,2023,85790
PG,2023,40544
PG,2023,105770
PG,2023,63908
PG,2023,64955
PG,2023,67385
PG,2023,57320
PG,2023,55150
PG,2023,73090
PG,2023,82219
PG,2023,67909
PG,2023,104702
PG,2023,86456
PG,2023,46476
PG,2023,61272
PG,2023,82285
PG,2023,102750
PG,2023,88975
PG,2023,67477
PG,2023,98986
PG,2023,103517
PG,2023,106934
PG,2023,73203
PG,2023,92950
PG,2023,103879
PG,2023,80991
PG,2023,63071
PG,2023,71473
PG,2023,53575
PG,2023,41298
PG,2023,85139
PG,2023,72396
PG,2023,84166
PG,2023,68363
PG,2023,88432
PG,2023,58784
PG,2023,103683
PG,2023,102800
PG,2023,76648
PG,2023,59596
PG,2023,100717
PG,2023,63453
PG,2023,69640
PG,2023,102772
PG,2023,65038
PG,2023,69587
PG,2023,103016
PG,2023,81001
PG,2023,72781
PG,2023,65255
PG,2023,100950
PG,2023,78921
PG,2023,80048
PG,2023,92934
PG,2023,30697
PG,2023,109833
PG,2023,101704
PG,2023,68379
PG,2023,56388
PG,2023,66705
PG,2023,102868
PG,2023,88890
PG,2023,54032
PG,2023,81933
PG,2023,105837
PG,2023,91574
PG,2023,70241
PG,2023,105548
PG,2023,86556
PG,2023,108950
PG,2023,72071
PG,2023,69589
PG,2023,40873
PG,2023,91379
PG,2023,54145
PG,2023,78142
PG,2023,89861
PG,2023,83962
PG,2023,73654
PG,2023,58144
PG,2023,45330
PG,2023,63122
PG,2023,90230
PG,2023,30629
PG,2023,72505
PG,2023,57519
PG,2023,101249
PG,2023,86398
DETE,2023,1357
PG,2023,74617
PG,2023,59969
PG,2023,67831
PG,2023,78686
PG,2023,65066
PG,2023,79248
PG,2023,91652
PG,2023,109190
PG,2023,73680
PG,2023,56564
PG,2023,90125
PG,2023,72815
PG,2023,101008
PG,2023,70440
PG,2023,90191
PG,2023,80928
PG,2023,58071
PG,2023,103561
PG,2023,60659
PG,2023,74760
PG,2023,72240
PG,2023,64762
PG,2023,64587
PG,2023,64101
PG,2023,101399
PG,2023,62904
PG,2023,63324
PG,2023,91421
PG,2023,88940
PG,2023,102256
PG,2023,68973
PG,2023,67139
PG,2023,73805
PG,2023,61754
PG,2023,65429
PG,2023,80355
PG,2023,66127
PG,2023,56006
PG,2023,79220
PG,2023,21797
PG,2023,62624
PG,2023,52582
PG,2023,63254
PG,2023,67714
PG,2023,64890
PG,2023,62907
PG,2023,51579
PG,2023,63349
PG,2023,81846
PG,2023,79955
PG,2023,56450
PG,2023,64834
PG,2023,55565
PG,2023,89586
PG,2023,57701
PG,2023,76617
PG,2022,96175
PG,2023,31356
PG,2023,58412
PG,2023,83386
PG,2023,75325
PG,2023,84638
PG,2023,32288
PG,2023,72043
PG,2023,80336
PG,2023,73737
PG,2023,105198
PG,2023,62102
PG,2022,99925
PG,2023,107515
PG,2023,78601
PG,2023,90133
PG,2023,86548
PG,2023,57990
PG,2023,77035
PG,2023,108063
PG,2023,70650
PG,2023,32190
PG,2023,63064
PG,2023,79652
PG,2023,92401
PG,2023,105900
PG,2023,60009
PG,2023,80797
PG,2023,100889
PG,2023,54401
PG,2023,53415
PG,2023,80263
PG,2023,66098
PG,2023,30682
PG,2023,85459
PG,2023,58805
PG,2023,87143
PG,2023,67846
PG,2023,84013
PG,2023,107414
PG,2023,78184
PG,2023,103486
PG,2023,62635
PG,2023,57509
PG,2023,85681
PG,2023,91689
PG,2023,47639
PG,2023,79903
PG,2023,62625
PG,2023,55826
PG,2023,42677
PG,2023,59543
PG,2023,56656
PG,2023,78878
PG,2023,74062
PG,2023,101583
PG,2023,101699
PG,2023,67923
PG,2023,74047
PG,2023,58608
PG,2023,66235
PG,2023,103736
PG,2023,83920
PG,2023,78022
PG,2023,49577
PG,2023,51278
PG,2023,57369
PG,2023,52547
PG,2023,53052
PG,2023,107864
PG,2023,101237
PG,2023,101730
PG,2023,73299
PG,2023,44225
PG,2023,62537
PG,2023,57820
PG,2023,73976
PG,2023,87867
PG,2023,91092
PG,2023,104470
PG,2023,91498
PG,2023,78575
PG,2023,67751
PG,2023,75887
PG,2023,80003
PG,2023,85758
PG,2023,30378
PG,2023,83396
PG,2023,87343
PG,2023,56072
PG,2023,60920
PG,2023,72211
PG,2023,75930
PG,2023,63757
PG,2023,82762
PG,2023,58873
PG,2023,62823
PG,2023,80695
PG,2023,56220
PG,2023,108122
PG,2023,54679
PG,2023,56008
PG,2023,66063
PG,2023,101758
PG,2023,69570
PG,2023,101321
PG,2023,80801
PG,2023,101790
PG,2023,82578
PG,2023,106817
PG,2023,43786
PG,2023,108631
PG,2023,88257
PG,2023,69487
PG,2023,64604
PG,2023,51653
PG,2023,79916
PG,2023,83345
PG,2023,51359
PG,2023,32305
PG,2023,30015
PG,2023,67792
PG,2023,107397
PG,2023,93009
PG,2023,86488
PG,2023,108319
PG,2023,71049
PG,2023,72098
PG,2023,58141
PG,2023,101101
PG,2023,72077
PG,2023,101811
PG,2023,91626
PG,2023,83459
PG,2023,82629
PG,2023,100588
PG,2023,89805
PG,2023,55871
PG,2023,67145
PG,2023,83435
PG,2023,59257
PG,2023,53012
PG,2023,104773
PG,2023,30865
PG,2023,60380
PG,2023,58731
PG,2023,62905
PG,2023,46443
PG,2023,69614
PG,2023,81466
PG,2023,65134
PG,2023,74613
PG,2023,83910
PG,2023,69740
PG,2023,56160
PG,2023,71292
PG,2023,91848
PG,2023,66906
PG,2023,83103
PG,2023,88734
PG,2023,74566
PG,2023,80503
PG,2023,30675
PG,2023,68350
PG,2023,75352
PG,2023,53407
PG,2023,60633
PG,2023,81463
PG,2023,103716
PG,2023,104157
PG,2023,100869
PG,2023,105762
PG,2023,8634
PG,2023,41083
PG,2023,89526
PG,2023,72511
PG,2023,58057
PG,2023,104010
PG,2023,72504
PG,2023,40801
PG,2023,83948
PG,2023,93125
PG,2023,48742
PG,2023,62098
PG,2023,53476
PG,2023,91172
PG,2023,61878
PG,2023,87460
PG,2023,63242
PG,2023,76090
PG,2023,61929
PG,2023,82523
PG,2023,67437
PG,2023,64055
PG,2023,64561
PG,2023,59268
PG,2023,91001
PG,2023,56039
PG,2023,41667
PG,2023,101012
PG,2023,76658
PG,2023,104155
PG,2023,80670
PG,2023,67415
PG,2023,60115
PG,2023,84229
PG,2023,46499
PG,2023,102201
PG,2023,92611
PG,2023,59529
PG,2023,64387
PG,2023,66328
PG,2023,102703
PG,2023,63237
PG,2023,68503
PG,2023,55950
PG,2023,56151
PG,2023,72898
PG,2023,103456
PG,2023,44371
PG,2023,77336
PG,2023,90384
PG,2023,87449
PG,2023,62542
PG,2023,1294
PG,2023,86929
PG,2023,83660
PG,2023,105182
PG,2023,47650
PG,2023,32385
PG,2023,57455
PG,2023,107606
PG,2023,58293
PG,2023,101673
PG,2023,68110
PG,2023,85598
PG,2023,68977
PG,2023,69505
PG,2023,55769
PG,2023,74596
PG,2023,75948
PG,2023,54675
PG,2023,88764
PG,2023,55136
PG,2023,103611
PG,2023,70223
PG,2023,73011
PG,2023,71410
PG,2023,49758
PG,2023,62770
PG,2023,44834
PG,2023,57956
PG,2023,87874
PG,2023,80693
PG,2023,49649
PG,2023,60151
PG,2023,69888
PG,2023,65954
DETE,2023,1280
PG,2023,80345
PG,2023,52047
PG,2023,85887
PG,2023,63691
PG,2023,65421
PG,2023,60050
PG,2023,103650
PG,2023,89555
PG,2023,71502
PG,2023,63525
PG,2023,61883
PG,2023,84665
PG,2023,69321
PG,2023,68088
PG,2023,85101
PG,2023,110149
PG,2023,80685
PG,2023,60652
PG,2023,67999
PG,2023,74149
PG,2023,75673
PG,2023,65361
PG,2023,63293
PG,2023,67312
PG,2023,68352
PG,2023,84954
PG,2023,79761
PG,2023,86337
PG,2023,43349
PG,2023,80268
PG,2023,102938
PG,2023,59948
PG,2022,96311
PG,2023,105438
PG,2023,41856
PG,2023,67367
PG,2023,66264
PG,2023,110538
PG,2023,60565
PG,2023,78885
PG,2023,79413
PG,2023,76357
PG,2023,84109
PG,2023,48658
PG,2023,42812
PG,2023,61951
PG,2023,85070
PG,2023,64046
PG,2023,40978
PG,2023,83844
PG,2023,41261
PG,2023,60086
PG,2023,80212
PG,2023,58631
PG,2023,61882
PG,2023,68197
PG,2023,83426
PG,2023,45856
PG,2023,58410
PG,2023,77669
PG,2023,61838
PG,2023,63923
PG,2023,63069
PG,2023,53410
PG,2023,66559
PG,2023,82041
PG,2023,89996
PG,2023,46679
PG,2023,42461
PG,2023,43733
PG,2023,85363
PG,2023,73191
PG,2023,87498
PG,2023,41674
PG,2023,103367
PG,2023,58866
PG,2023,71167
PG,2023,87208
PG,2023,50246
PG,2023,82066
PG,2023,82444
PG,2023,56598
PG,2023,55570
PG,2023,53635
PG,2023,81502
PG,2023,66182
PG,2023,85346
PG,2023,82575
PG,2023,68986
PG,2023,104654
PG,2023,80443
PG,2023,72933
PG,2023,82541
PG,2023,103484
PG,2023,68792
PG,2023,104114
PG,2023,66221
PG,2023,80368
PG,2023,103667
PG,2023,81513
PG,2023,102549
PG,2023,88805
PG,2023,68304
PG,2023,77062
PG,2023,107127
PG,2023,48095
PG,2023,81117
PG,2023,57058
PG,2023,91073
PG,2023,75104
PG,2023,45582
PG,2023,91659
PG,2023,71417
PG,2023,69759
PG,2023,53021
PG,2023,63847
PG,2023,58625
PG,2023,64562
PG,2023,66540
PG,2023,74831
PG,2023,87484
PG,2023,103881
PG,2023,80869
PG,2023,66886
PG,2023,62255
PG,2023,104954
PG,2023,76526
PG,2023,86715
PG,2023,83496
PG,2023,107083
PG,2023,82855
PG,2023,40579
PG,2023,71273
PG,2023,53362
PG,2023,62629
PG,2023,53918
PG,2023,78679
PG,2023,60443
PG,2023,76295
PG,2023,70471
PG,2023,85321
PG,2023,43556
PG,2023,88621
PG,2023,62541
PG,2023,58957
PG,2023,87114
PG,2023,74822
PG,2023,82036
PG,2023,103533
PG,2023,88162
PG,2023,53506
PG,2023,47915
PG,2023,70815
PG,2023,74335
PG,2023,107718
PG,2023,83395
PG,2023,100439
PG,2023,62047
PG,2023,85706
PG,2023,56359
PG,2023,81810
PG,2023,67394
PG,2023,76482
PG,2023,80333
PG,2023,41479
PG,2023,93346
PG,2023,89473
PG,2023,66147
PG,2023,43121
PG,2023,59037
PG,2023,85716
PG,2023,60638
PG,2023,106988
PG,2023,87074
PG,2023,108145
PG,2023,53950
PG,2023,67700
PG,2023,32535
PG,2023,87102
PG,2023,54420
PG,2023,71086
PG,2023,84591
PG,2023,62246
PG,2023,103655
PG,2023,107376
PG,2023,85945
PG,2023,66082
PG,2023,62591
PG,2023,63793
PG,2023,56548
PG,2023,49702
PG,2023,81065
PG,2023,82778
PG,2023,71031
PG,2023,74094
PG,2023,60800
PG,2023,79890
PG,2023,62172
PG,2023,85405
PG,2023,60449
PG,2023,79930
PG,2023,79385
PG,2023,101162
PG,2023,73910
PG,2023,76550
PG,2023,86353
PG,2023,59443
PG,2023,77413
PG,2023,30240
PG,2023,44264
PG,2023,66340
PG,2023,102374
PG,2023,106872
PG,2023,65466
PG,2023,87155
PG,2023,99138
PG,2023,102865
PG,2023,108331
PG,2023,89055
PG,2023,24192
PG,2023,40133
PG,2023,105377
PG,2023,59159
PG,2023,72500
PG,2023,55780
PG,2023,70905
PG,2023,70464
PG,2023,83738
PG,2023,40305
PG,2023,104332
PG,2023,56027
PG,2023,53416
PG,2023,51223
PG,2023,65354
PG,2023,51837
PG,2023,84690
PG,2023,58149
PG,2023,57986
PG,2023,49189
PG,2023,85141
PG,2023,50884
PG,2023,41439
PG,2023,56645
PG,2023,52460
PG,2023,60810
PG,2023,43018
PG,2023,75848
PG,2023,106751
PG,2023,58861
PG,2023,100802
PG,2023,81934
PG,2023,109355
PG,2023,50567
PG,2023,60430
PG,2023,87014
PG,2023,109304
PG,2023,72013
PG,2023,89554
PG,2023,50572
PG,2023,108272
PG,2023,91109
PG,2023,84645
PG,2023,109077
PG,2023,41603
PG,2023,72577
PG,2023,80544
PG,2023,66930
PG,2023,72319
PG,2023,30702
PG,2023,5855
PG,2023,88776
PG,2023,88191
PG,2023,85733
PG,2023,84601
DELI,2023,217
PG,2023,30543
PG,2023,108673
PG,2023,53577
PG,2023,67063
PG,2023,70179
PG,2023,50591
PG,2023,91761
PG,2023,77390
PG,2023,85322
PG,2023,66250
PG,2023,89392
PG,2023,68349
PG,2023,56419
PG,2023,60809
PG,2023,68166
PG,2023,82573
PG,2023,83589
PG,2023,109025
PG,2023,78456
PG,2023,110197
PG,2023,56695
PG,2023,58138
PG,2023,107370
PG,2023,75703
PG,2023,108560
PG,2023,54392
PG,2023,81348
PG,2023,109408
PG,2023,53800
PG,2023,103112
PG,2023,85212
PG,2023,73441
PG,2023,80346
PG,2023,107747
PG,2023,75652
PG,2023,72131
PG,2023,32212
PG,2023,83344
PG,2023,62097
PG,2023,84858
PG,2023,82025
PG,2023,60155
PG,2023,81376
PG,2023,81711
PG,2023,51031
PG,2023,50133
PG,2023,83337
PG,2023,58072
PG,2023,44462
PG,2023,83119
PG,2023,104987
PG,2023,92607
PG,2023,40831
PG,2023,89422
PG,2023,59731
PG,2023,65476
PG,2023,86573
PG,2023,90657
PG,2023,90789
PG,2023,86034
PG,2023,108723
PG,2023,57872
PG,2023,106842
PG,2023,76560
PG,2023,76452
PG,2023,82090
PG,2023,75632
PG,2023,64614
PG,2023,88850
PG,2023,103540
PG,2023,64807
PG,2023,53722
PG,2023,55251
PG,2023,76229
PG,2023,91929
PG,2023,87111
PG,2023,79597
PG,2023,75188
PG,2023,61225
PG,2023,84584
PG,2023,85551
PG,2023,79560
PG,2023,75922
PG,2023,44831
PG,2023,48454
PG,2023,54767
PG,2023,82133
PG,2023,72006
PG,2023,102843
PG,2023,107560
PG,2023,85529
PG,2023,100961
PG,2023,47294
PG,2023,82182
PG,2023,57342
PG,2023,59053
PG,2023,100984
PG,2023,56351
PG,2023,69851
PG,2023,58204
PG,2023,81916
PG,2023,78021
PG,2023,89164
PG,2023,104407
PG,2023,81913
PG,2023,84702
PG,2023,105310
PG,2023,69687
PG,2023,53255
PG,2023,65383
PG,2023,72703
PG,2023,80886
PG,2023,73384
PG,2023,57440
PG,2023,59348
PG,2023,43197
PG,2023,108724
PG,2023,72870
PG,2023,84566
PG,2023,77082
PG,2023,109926
PG,2023,86640
PG,2023,46911
PG,2023,48202
PG,2023,82442
PG,2023,70077
PG,2023,82601
PG,2023,71173
PG,2023,76092
PG,2023,82554
PG,2023,53956
PG,2023,83548
PG,2023,101003
PG,2023,88920
PG,2023,104376
PG,2023,86010
PG,2023,82667
PG,2023,58702
PG,2023,70454
PG,2023,81826
PG,2023,83137
PG,2023,73854
PG,2023,69399
PG,2023,76534
PG,2023,57165
PG,2023,42778
PG,2023,69140
PG,2023,91470
PG,2023,53962
PG,2023,66123
PG,2023,59048
PG,2023,80350
PG,2023,104959
PG,2023,77516
PG,2023,81796
PG,2023,55349
PG,2023,81681
PG,2023,70910
PG,2023,88837
PG,2023,52901
PG,2023,63632
PG,2023,73857
PG,2023,51025
PG,2023,85112
PG,2023,91173
PG,2023,68351
PG,2023,60276
PG,2023,87399
PG,2023,65987
PG,2023,53860
PG,2023,67516
PG,2023,57037
PG,2023,58295
PG,2023,64785
PG,2023,76067
PG,2023,103893
PG,2023,87018
PG,2023,61528
PG,2023,87298
PG,2023,59535
PG,2023,72039
PG,2023,108330
PG,2023,105206
PG,2023,69389
PG,2023,87784
PG,2023,66912
PG,2023,89186
PG,2023,60647
PG,2023,87560
PG,2023,52931
PG,2023,103094
PG,2023,63355
PG,2023,48776
PG,2023,92644
PG,2023,46231
PG,2023,109498
PG,2023,59261
PG,2023,62279
PG,2023,79656
PG,2023,107894
PG,2023,60933
PG,2023,73663
PG,2023,89698
PG,2023,43583
PG,2023,70661
PG,2023,58373
PG,2023,77294
PG,2023,65961
PG,2023,89362
PG,2023,66265
PG,2023,58907
PG,2023,61229
PG,2023,70301
PG,2023,82048
PG,2023,53096
PG,2023,32475
PG,2023,108459
PG,2023,65419
PG,2023,88321
PG,2023,111910
PG,2023,100807
PG,2023,55946
PG,2023,103488
PG,2023,61405
PG,2023,57238
PG,2023,74541
PG,2023,68450
PG,2023,66546
PG,2023,103092
PG,2023,74402
PG,2023,72660
PG,2023,107323
PG,2023,98835
PG,2023,77383
PG,2023,56456
PG,2023,76111
PG,2023,101293
PG,2023,81840
PG,2023,90043
PG,2023,76314
PG,2023,84701
PG,2023,54026
PG,2023,54993
PG,2023,101191
PG,2023,60570
PG,2023,83326
PG,2023,78872
PG,2023,93099
PG,2023,60586
PG,2023,65986
PG,2023,51351
PG,2023,68827
PG,2023,71044
PG,2023,50528
PG,2023,70921
PG,2023,56486
PG,2023,73780
PG,2023,40994
PG,2023,76571
PG,2023,74341
PG,2022,81803
PG,2023,69853
PG,2023,81275
PG,2023,109001
PG,2023,105284
PG,2023,86557
PG,2023,89132
PG,2023,59715
PG,2023,101130
PG,2023,104281
PG,2023,81165
PG,2023,78890
PG,2023,101737
PG,2023,69678
PG,2023,59613
PG,2023,67123
PG,2023,57834
PG,2023,88608
PG,2023,66231
PG,2023,54687
PG,2023,67920
PG,2023,82784
PG,2023,61183
PG,2023,103734
PG,2023,90005
PG,2023,76043
PG,2023,102536
PG,2023,78570
PG,2023,63769
PG,2023,91812
PG,2023,40420
PG,2023,43147
PG,2023,103277
PG,2023,59340
PG,2023,40134
PG,2023,100633
PG,2023,51559
PG,2023,78042
PG,2023,54511
PG,2023,81546
PG,2023,104095
PG,2023,72135
PG,2023,88811
PG,2023,70434
PG,2023,66975
PG,2023,53805
PG,2023,75716
PG,2023,66015
PG,2023,84127
PG,2023,67146
PG,2023,61683
PG,2023,110221
PG,2023,75597
PG,2023,71456
PG,2023,73121
PG,2023,104191
PG,2023,78796
PG,2023,87015
PG,2023,77176
PG,2023,43631
PG,2023,63897
PG,2023,108449
PG,2023,46159
PG,2023,53495
PG,2023,52269
PG,2023,57236
PG,2023,84928
PG,2023,92489
PG,2023,52831
PG,2023,77441
PG,2023,75574
PG,2023,102845
PG,2023,56123
PG,2023,79499
PG,2023,102032
PG,2023,88379
PG,2023,56858
PG,2023,71834
PG,2023,110844
PG,2023,60282
PG,2023,91847
PG,2023,102850
PG,2023,52968
PG,2023,56023
PG,2023,63846
PG,2023,6559
DETE,2023,2316
PG,2023,83133
PG,2023,87612
PG,2023,55088
PG,2023,53587
PG,2023,87027
PG,2023,65998
PG,2023,109196
PG,2023,56102
PG,2023,84711
PG,2023,82005
PG,2023,83689
PG,2023,75078
PG,2023,78073
PG,2023,72632
PG,2023,45486
PG,2023,81942
PG,2023,49835
PG,2023,65049
PG,2023,77554
PG,2023,65528
PG,2023,89678
PG,2023,79941
PG,2023,55513
PG,2023,83126
PG,2023,102357
PG,2023,65334
PG,2023,60175
PG,2023,100966
PG,2023,92633
PG,2023,57815
PG,2023,78901
PG,2023,85360
PG,2023,106807
PG,2023,45419
PG,2023,91380
PG,2023,60551
PG,2023,64886
PG,2023,93669
PG,2023,106524
PG,2023,108486
PG,2023,77867
PG,2023,105392
PG,2023,77633
PG,2023,82790
PG,2023,77396
PG,2023,45187
PG,2023,66150
PG,2023,58110
PG,2023,60861
PG,2023,105653
PG,2023,61319
PG,2023,72437
PG,2023,101658
PG,2023,67724
PG,2023,69632
PG,2023,75389
PG,2023,52838
PG,2023,85381
PG,2023,78320
PG,2023,59646
PG,2023,69910
PG,2023,48750
PG,2023,61250
PG,2023,82594
PG,2023,76598
PG,2023,57649
PG,2023,53503
PG,2023,40905
PG,2023,57702
PG,2023,52243
PG,2023,74687
PG,2023,73102
PG,2023,108323
PG,2023,71267
PG,2023,81127
PG,2023,87124
PG,2023,93663
PG,2023,55121
PG,2023,77895
PG,2023,43441
PG,2023,88839
PG,2023,101155
PG,2023,78232
PG,2023,29986
PG,2023,60828
PG,2023,90318
PG,2023,68095
PG,2023,58900
PG,2023,80054
PG,2023,92587
PG,2023,43775
PG,2023,85420
PG,2023,71840
PG,2023,75062
PG,2023,32514
PG,2023,88655
PG,2023,70955
PG,2023,106272
PG,2023,72578
PG,2023,56324
PG,2023,53824
PG,2023,88160
PG,2023,47799
PG,2023,89265
PG,2023,77400
PG,2023,81181
PG,2023,71608
PG,2023,101659
PG,2023,69127
PG,2023,88200
PG,2023,107909
PG,2023,60368
PG,2023,75191
PG,2023,43060
PG,2023,52657
PG,2023,44234
PG,2023,67642
PG,2023,78048
PG,2023,87850
PG,2023,43308
PG,2023,87608
PG,2023,54457
PG,2023,72725
PG,2023,101258
PG,2023,102170
PG,2023,74306
PG,2023,57011
PG,2023,88859
PG,2023,79482
PG,2023,57265
PG,2023,82454
PG,2023,46395
PG,2023,72118
PG,2023,65507
PG,2023,80959
PG,2023,66611
PG,2023,78078
PG,2023,70871
PG,2023,53095
PG,2023,76950
PG,2023,109064
PG,2023,42959
PG,2023,60428
PG,2023,75741
PG,2023,53081
PG,2023,44064
PG,2023,107756
PG,2023,54987
PG,2023,76041
PG,2023,55759
PG,2023,105138
PG,2023,75744
PG,2023,102486
PG,2023,105569
PG,2023,50627
PG,2023,78389
PG,2023,56210
PG,2023,67860
PG,2023,56855
PG,2023,59708
PG,2023,83748
PG,2023,62283
PG,2023,110276
PG,2023,105777
PG,2023,111317
PG,2023,62588
PG,2023,69136
PG,2023,77139
PG,2023,73371
PG,2023,102869
PG,2023,81956
PG,2023,44120
PG,2023,107493
PG,2023,41544
PG,2023,75879
PG,2023,65328
PG,2023,53987
PG,2023,77678
PG,2023,75493
PG,2023,75381
PG,2023,61844
PG,2023,41370
PG,2023,81896
PG,2023,77340
PG,2023,108025
PG,2023,91925
PG,2023,107598
PG,2023,55557
PG,2023,78420
PG,2023,90039
PG,2023,60906
PG,2023,108853
PG,2023,85458
PG,2023,105723
PG,2023,73542
PG,2023,65026
PG,2023,53645
PG,2023,100882
PG,2023,100874
PG,2023,89716
PG,2023,44825
PG,2023,61684
PG,2023,91023
PG,2023,83759
PG,2023,83155
PG,2023,101592
PG,2023,83659
PG,2023,103435
PG,2023,80736
PG,2023,55451
PG,2023,77663
PG,2023,41054
PG,2023,65963
PG,2023,50371
PG,2023,81372
PG,2023,53912
PG,2023,73407
PG,2023,90961
PG,2023,84068
PG,2023,57620
PG,2023,82772
PG,2023,85786
PG,2023,101593
PG,2023,111964
PG,2023,54905
PG,2023,66419
PG,2023,82509
PG,2023,71103
PG,2023,105715
PG,2023,65567
PG,2023,60709
PG,2023,68741
PG,2023,66217
PG,2023,44263
PG,2023,72920
PG,2023,81817
PG,2023,57979
PG,2023,32368
PG,2023,57931
PG,2023,81429
PG,2023,88521
PG,2023,71424
PG,2023,79399
PG,2023,69098
PG,2023,48659
PG,2023,76368
PG,2023,86423
PG,2023,87551
PG,2023,70839
PG,2023,86514
PG,2023,81940
PG,2023,81939
PG,2023,83493
PG,2023,86481
PG,2023,67948
PG,2023,84353
PG,2023,55992
PG,2023,53392
PG,2023,59182
PG,2023,87195
PG,2023,102248
PG,2023,60004
PG,2023,81239
PG,2023,75910
PG,2023,65428
PG,2023,106927
PG,2023,64859
PG,2023,57944
PG,2023,62736
PG,2023,55926
PG,2023,107423
PG,2023,70407
PG,2023,81168
PG,2023,85906
PG,2023,64294
PG,2023,69408
PG,2023,83090
PG,2023,107932
PG,2023,101594
PG,2023,74325
PG,2023,60622
PG,2023,75270
PG,2023,61309
PG,2023,85849
PG,2023,64027
PG,2023,69842
PG,2023,63468
PG,2023,32348
PG,2023,61919
PG,2023,87167
PG,2023,63311
PG,2023,89844
PG,2023,74825
PG,2023,81884
PG,2023,66811
PG,2023,76556
PG,2023,71731
PG,2023,66483
PG,2023,55098
PG,2023,65909
PG,2023,91682
PG,2023,101366
PG,2023,92553
PG,2023,86266
PG,2023,105885
PG,2023,42768
PG,2023,86389
PG,2023,74385
PG,2023,68941
PG,2023,61833
PG,2023,83906
PG,2023,71120
PG,2023,81821
PG,2023,58567
PG,2023,61374
PG,2023,53942
PG,2023,58346
PG,2023,68754
PG,2023,69507
PG,2023,82600
PG,2023,102145
PG,2023,54584
PG,2023,68190
PG,2023,108808
PG,2023,102220
PG,2023,91670
PG,2023,88814
PG,2023,89278
PG,2023,78437
PG,2023,66807
PG,2023,104579
PG,2023,67392
PG,2023,57873
PG,2023,75396
PG,2023,69176
PG,2023,63091
PG,2023,104483
PG,2023,52807
PG,2023,54279
PG,2023,67742
PG,2023,64058
PG,2023,62659
PG,2023,74592
PG,2023,87738
PG,2023,74770
PG,2023,66771
PG,2023,51088
PG,2023,59905
PG,2023,57447
PG,2023,70342
PG,2023,42656
PG,2023,85776
PG,2023,65320
PG,2023,80425
PG,2023,70679
PG,2023,109476
PG,2023,78130
PG,2023,74202
PG,2023,49736
PG,2023,60162
PG,2023,60694
PG,2023,86490
PG,2023,79113
PG,2023,87777
PG,2023,30438
PG,2023,102173
PG,2023,60126
PG,2023,110796
PG,2023,82229
PG,2023,92423
PG,2023,73728
PG,2023,84007
PG,2023,80205
PG,2023,67416
PG,2023,103174
PG,2023,100443
PG,2023,102052
PG,2023,85069
PG,2023,90178
PG,2023,77452
PG,2023,81560
PG,2023,73804
PG,2023,63992
PG,2023,46003
PG,2023,105554
PG,2023,109511
PG,2023,67755
PG,2023,93324
PG,2023,78910
PG,2023,63231
PG,2023,64759
PG,2023,67085
PG,2023,108083
PG,2023,54668
PG,2023,100925
PG,2023,62182
PG,2023,54268
PG,2023,53363
PG,2023,87412
PG,2023,89275
PG,2023,74771
PG,2023,87758
PG,2023,107095
PG,2023,85247
PG,2023,55938
PG,2023,53932
PG,2023,63958
PG,2023,57895
PG,2023,31027
PG,2023,54856
PG,2023,89860
PG,2023,89273
PG,2023,32529
PG,2023,72591
PG,2023,84434
PG,2023,69353
PG,2023,109860
PG,2023,60574
PG,2023,75980
PG,2023,105820
PG,2023,80018
PG,2023,83953
PG,2023,53988
PG,2023,74715
PG,2023,83192
PG,2023,74352
PG,2023,30527
PG,2023,82797
PG,2023,103818
PG,2023,79957
PG,2023,84874
PG,2023,72522
PG,2023,68463
PG,2023,71484
PG,2023,57624
PG,2023,88000
PG,2023,89916
PG,2023,75504
PG,2023,52134
PG,2023,55885
PG,2023,102022
PG,2023,50798
PG,2023,71801
PG,2023,61517
PG,2023,68726
PG,2023,62114
PG,2023,65326
PG,2023,112751
PG,2023,101697
PG,2023,108424
PG,2023,102003
PG,2023,54607
PG,2023,43395
PG,2023,108343
PG,2023,26600
PG,2023,61690
PG,2023,74274
PG,2023,57035
PG,2023,74161
PG,2023,82313
PG,2023,104574
PG,2023,72631
PG,2023,57271
PG,2023,78315
PG,2023,75939
PG,2023,45780
PG,2023,32624
PG,2023,68200
PG,2023,105443
PG,2023,78180
PG,2023,82174
PG,2023,73388
PG,2023,54774
PG,2023,90993
PG,2023,72830
PG,2023,82798
PG,2023,104515
PG,2023,81811
PG,2023,43941
PG,2023,66594
PG,2023,61661
PG,2023,99198
PG,2023,103991
PG,2023,106972
PG,2023,40825
PG,2023,42304
PG,2023,87161
PG,2023,56545
PG,2023,58286
PG,2023,78702
PG,2023,76958
PG,2023,83626
PG,2023,53494
PG,2023,42091
PG,2023,56175
PG,2023,55055
PG,2023,53948
PG,2023,73687
PG,2023,64766
PG,2023,80653
PG,2023,61442
PG,2023,78871
PG,2023,42816
PG,2023,73589
PG,2023,66288
PG,2023,103384
PG,2023,78905
PG,2023,32328
PG,2023,61367
PG,2023,56714
PG,2023,44796
PG,2023,84811
PG,2023,61237
PG,2023,74346
PG,2023,56852
PG,2023,85431
PG,2023,61858
PG,2023,66350
PG,2023,92598
PG,2023,82551
PG,2023,46949
PG,2023,79729
PG,2023,75215
PG,2023,59259
PG,2023,70136
PG,2023,63220
PG,2023,89623
PG,2023,67643
PG,2023,56633
PG,2023,103344
PG,2023,105241
PG,2023,46573
PG,2023,59050
PG,2023,56946
PG,2023,92496
PG,2023,61850
PG,2023,40824
PG,2023,110126
PG,2023,55817
PG,2023,50517
PG,2023,103351
PG,2023,88571
PG,2023,44515
PG,2023,108421
PG,2023,61454
PG,2023,53551
PG,2023,80201
PG,2023,74133
PG,2023,90989
PG,2023,30676
PG,2023,51827
PG,2023,92619
PG,2023,54379
PG,2023,56771
PG,2023,110143
PG,2023,56516
PG,2023,65730
PG,2023,42507
PG,2023,81690
PG,2023,81700
PG,2023,86443
PG,2023,64063
PG,2023,104278
PG,2023,103164
PG,2023,75669
PG,2023,62653
PG,2023,105025
PG,2023,89611
PG,2023,80374
PG,2023,60803
PG,2023,109990
PG,2023,59925
PG,2023,102405
PG,2023,107452
PG,2023,67622
PG,2023,59662
PG,2023,75738
PG,2023,77089
PG,2023,74191
PG,2023,83994
PG,2023,85865
PG,2023,82617
PG,2023,67546
PG,2023,56587
PG,2023,69461
PG,2023,55874
PG,2023,70901
PG,2023,65648
PG,2023,73021
PG,2023,101729
PG,2023,63139
PG,2023,66808
PG,2023,61842
PG,2023,63110
PG,2023,73168
PG,2023,64363
PG,2023,81983
PG,2023,93438
PG,2023,104125
PG,2023,61180
PG,2023,58985
PG,2023,70413
PG,2023,109342
PG,2023,57646
PG,2023,103477
PG,2023,51266
PG,2023,64917
PG,2023,68353
PG,2023,67542
PG,2023,57062
PG,2023,68822
PG,2023,46289
PG,2023,101513
PG,2023,83896
PG,2023,77667
PG,2023,92302
PG,2023,67842
PG,2023,75759
PG,2023,101234
PG,2023,105465
PG,2023,104940
PG,2023,74930
PG,2023,67408
PG,2023,54460
PG,2023,84170
PG,2023,70528
PG,2023,67404
PG,2023,111561
PG,2023,80314
PG,2023,64527
PG,2023,73694
PG,2023,69468
PG,2023,71846
PG,2023,75649
PG,2023,102935
PG,2023,40640
PG,2023,50908
PG,2023,66905
PG,2023,73070
PG,2023,34026
PG,2023,100300
PG,2023,59583
PG,2023,79929
PG,2023,65031
PG,2023,101566
PG,2023,105294
PG,2023,71589
PG,2023,91962
PG,2023,61293
PG,2023,75248
PG,2023,57798
PG,2023,102485
PG,2023,80751
PG,2023,86180
PG,2023,45620
PG,2023,62026
PG,2023,77636
PG,2023,85174
PG,2023,90063
PG,2023,69769
PG,2023,64217
PG,2023,51166
PG,2023,73387
PG,2023,72998
PG,2023,64798
PG,2023,41545
PG,2023,65851
PG,2023,108746
PG,2023,105849
PG,2023,102893
PG,2023,67242
PG,2023,91194
PG,2023,62831
PG,2023,58501
PG,2023,40545
PG,2023,108104
PG,2023,81767
PG,2023,71627
PG,2023,55054
PG,2023,78862
PG,2023,63690
PG,2023,65166
PG,2023,74763
PG,2023,87637
PG,2023,85857
PG,2023,53937
PG,2023,75908
PG,2023,87364
PG,2023,63714
PG,2023,101611
PG,2023,108443
PG,2023,82300
PG,2023,62871
PG,2023,73409
PG,2023,55211
PG,2023,59746
PG,2023,63260
PG,2023,58883
PG,2023,70840
PG,2023,83373
PG,2023,76047
PG,2023,78925
PG,2023,87930
PG,2023,57621
PG,2023,54066
PG,2023,75641
PG,2023,70462
PG,2023,83390
PG,2023,85146
PG,2023,84543
PG,2023,78868
PG,2023,92064
PG,2023,20013
PG,2023,102641
PG,2023,76517
PG,2023,72761
PG,2023,80563
PG,2023,71586
PG,2023,107375
PG,2023,60373
PG,2023,61950
PG,2023,91286
PG,2023,63330
PG,2023,73643
PG,2023,105701
PG,2023,46837
PG,2023,79479
PG,2023,68859
PG,2023,80795
PG,2023,64991
PG,2023,74851
PG,2023,80688
PG,2023,70611
PG,2023,109148
PG,2023,77472
PG,2023,79134
PG,2023,86283
PG,2023,63618
PG,2023,79813
PG,2023,67293
PG,2023,102936
PG,2023,76823
PG,2023,70215
PG,2023,30707
PG,2023,89806
PG,2023,68946
PG,2023,79505
PG,2023,70988
PG,2023,106018
PG,2023,103931
PG,2023,103728
PG,2023,79144
PG,2023,58697
PG,2023,91611
PG,2023,30981
PG,2023,63403
PG,2023,107516
PG,2023,89321
PG,2023,79141
PG,2023,77679
PG,2023,91549
PG,2023,68874
PG,2023,91606
PG,2023,59030
PG,2023,73142
PG,2023,57461
PG,2023,68307
PG,2023,65731
PG,2023,70197
PG,2023,107971
PG,2023,60187
PG,2023,85774
PG,2023,64405
PG,2023,105722
PG,2023,70674
PG,2023,64228
PG,2023,86823
PG,2023,73366
PG,2023,100653
PG,2023,81750
PG,2023,100610
PG,2023,102196
PG,2023,80494
PG,2023,60991
PG,2023,62531
PG,2023,92705
PG,2023,103917
PG,2023,54577
PG,2023,87724
PG,2023,105341
PG,2023,53513
PG,2023,56628
PG,2023,56368
PG,2023,48089
PG,2023,65629
PG,2023,107892
PG,2023,87852
PG,2023,53113
PG,2023,49515
PG,2023,79333
PG,2023,92858
PG,2023,67968
PG,2023,69430
PG,2023,81909
PG,2023,81905
PG,2023,61478
PG,2023,79856
PG,2023,74827
PG,2023,105212
PG,2023,44736
PG,2023,109054
PG,2023,32865
PG,2023,57076
PG,2023,62889
PG,2023,58209
PG,2023,54534
PG,2023,29922
PG,2023,59270
PG,2023,64823
PG,2023,104664
PG,2023,80645
PG,2023,59548
PG,2023,106881
PG,2023,69405
PG,2023,84590
PG,2023,73695
PG,2023,86931
PG,2023,46318
PG,2023,70965
PG,2023,47301
PG,2023,68107
PG,2023,57705
PG,2023,67265
PG,2023,42864
PG,2023,59940
PG,2023,75762
PG,2023,86255
PG,2023,30333
PG,2023,103710
PG,2023,65756
PG,2023,70906
PG,2023,60984
PG,2023,106978
PG,2023,102682
PG,2023,79036
PG,2023,81012
PG,2023,74387
PG,2023,42615
PG,2023,85134
PG,2023,88027
PG,2023,88360
PG,2023,66196
PG,2023,65495
PG,2023,101600
PG,2023,58481
PG,2023,56109
PG,2023,89266
PG,2023,74208
PG,2023,104922
PG,2023,108133
PG,2023,80436
PG,2023,57231
PG,2023,54223
PG,2023,85464
PG,2023,58717
PG,2023,87078
PG,2023,65946
PG,2023,67597
PG,2023,85228
PG,2023,72007
PG,2023,73420
PG,2023,79411
PG,2023,83222
PG,2023,45925
PG,2023,55041
PG,2023,43192
PG,2023,74279
PG,2023,70370
PG,2023,48124
PG,2023,78438
PG,2023,60150
PG,2023,61537
PG,2023,101876
PG,2023,103470
PG,2023,53976
PG,2023,108461
PG,2023,56336
PG,2023,57475
PG,2023,58840
PG,2023,69010
PG,2023,87365
PG,2023,49321
PG,2023,50722
PG,2023,69334
PG,2023,57940
PG,2023,91851
PG,2023,68498
PG,2023,87265
PG,2023,108644
PG,2023,56014
PG,2023,62647
PG,2023,32342
PG,2023,102328
PG,2023,72543
PG,2023,87681
PG,2023,55750
PG,2023,55419
PG,2023,105285
PG,2023,66477
PG,2023,53985
PG,2023,68081
PG,2023,87664
PG,2023,74511
PG,2023,90954
PG,2023,55237
PG,2023,86303
PG,2023,91047
PG,2023,77980
PG,2023,49836
PG,2023,59127
PG,2023,75196
PG,2023,80483
PG,2023,70256
PG,2023,82636
PG,2023,44070
PG,2023,51548
PG,2023,66522
PG,2023,69337
PG,2023,67456
PG,2023,68577
PG,2023,110905
PG,2023,59302
PG,2023,63792
PG,2023,81689
PG,2023,59013
PG,2023,58860
PG,2023,67957
PG,2023,86689
PG,2023,101136
PG,2023,66502
PG,2023,55093
PG,2023,50830
PG,2023,64786
PG,2023,59022
PG,2023,76267
PG,2023,42072
PG,2023,78940
PG,2023,87896
PG,2023,75585
PG,2023,106839
PG,2023,106017
PG,2023,77093
PG,2023,73153
PG,2023,79792
PG,2023,80639
PG,2023,81283
PG,2023,65010
PG,2023,65887
PG,2023,43995
PG,2023,58171
PG,2023,85969
PG,2023,105615
PG,2023,64914
PG,2023,57140
PG,2023,64676
PG,2023,68788
PG,2023,52343
PG,2023,69670
PG,2023,59368
PG,2023,57581
PG,2023,77188
PG,2023,82734
PG,2023,84814
PG,2023,81727
PG,2023,62256
PG,2023,59085
PG,2023,80839
PG,2023,73494
PG,2023,63074
PG,2023,79503
PG,2023,57457
PG,2023,74364
PG,2023,108776
PG,2023,54456
PG,2023,41018
PG,2023,84717
PG,2023,41943
PG,2023,79790
PG,2023,80131
PG,2023,106218
PG,2023,40903
PG,2023,43324
PG,2023,84051
PG,2023,44435
PG,2023,100534
PG,2023,100985
PG,2023,77421
PG,2023,73017
PG,2023,108497
PG,2023,88275
PG,2023,89727
PG,2023,59489
PG,2023,108142
PG,2023,81212
PG,2023,113216
PG,2023,60557
PG,2023,81764
PG,2023,47283
PG,2023,56084
PG,2023,91136
PG,2023,57772
PG,2023,83930
PG,2023,71875
PG,2023,89031
PG,2023,79791
PG,2023,103924
PG,2023,45493
PG,2023,53629
PG,2023,43470
PG,2023,54760
PG,2023,103792
PG,2023,71266
PG,2023,88770
PG,2023,71065
PG,2023,87634
PG,2023,45110
PG,2023,76595
PG,2023,61731
PG,2023,91630
PG,2023,88660
PG,2023,89620
PG,2023,76371
PG,2023,60464
PG,2023,55090
PG,2023,85970
PG,2023,87474
PG,2023,90100
PG,2023,73257
PG,2023,93459
PG,2023,70806
PG,2023,42528
PG,2023,58728
PG,2023,58280
PG,2023,102300
PG,2023,81177
PG,2023,73039
PG,2023,107731
PG,2023,54617
PG,2023,40470
PG,2023,65907
PG,2023,112669
PG,2023,71400
PG,2023,54317
PG,2023,80556
PG,2023,81193
PG,2023,51562
PG,2023,66599
PG,2023,74572
PG,2023,85148
PG,2023,55978
PG,2023,57307
PG,2023,75643
PG,2023,78257
PG,2023,80728
PG,2023,51683
PG,2023,110772
PG,2023,62680
PG,2023,81715
PG,2023,109033
PG,2023,69648
PG,2023,102185
PG,2023,76436
PG,2023,73700
PG,2023,110029
PG,2023,85599
PG,2023,89898
PG,2023,68771
PG,2023,65862
PG,2023,108895
PG,2023,42068
PG,2023,71677
PG,2023,40253
PG,2023,58726
PG,2023,89841
PG,2023,60981
PG,2023,53443
PG,2023,81527
PG,2023,72825
PG,2023,73002
PG,2023,84550
PG,2023,75666
PG,2023,109132
PG,2023,87366
PG,2023,109242
PG,2023,104560
PG,2023,54562
PG,2023,105037
PG,2023,100795
PG,2023,76962
PG,2023,75640
PG,2023,62590
PG,2023,71794
PG,2023,70338
PG,2023,58287
PG,2023,89702
PG,2023,92872
PG,2023,77535
PG,2023,102045
PG,2023,70457
PG,2023,58494
PG,2023,58514
PG,2023,68944
PG,2023,84627
PG,2023,59075
PG,2023,85796
PG,2023,63761
PG,2023,32248
PG,2023,71286
PG,2023,65956
PG,2023,46083
PG,2023,58587
PG,2023,89203
PG,2023,68730
PG,2023,87025
PG,2023,77794
PG,2023,84637
PG,2023,56711
PG,2023,60701
PG,2023,55219
PG,2023,51546
PG,2023,103971
PG,2023,81058
PG,2023,82852
PG,2023,77561
PG,2023,77078
PG,2023,82210
PG,2023,72985
PG,2023,77218
PG,2023,85085
PG,2023,85417
PG,2023,70000
PG,2023,46846
PG,2023,77370
PG,2023,44813
PG,2023,102392
PG,2023,71860
PG,2023,102749
PG,2023,105420
PG,2023,44976
PG,2023,89529
PG,2023,90378
PG,2023,80902
PG,2023,109507
PG,2023,63131
PG,2023,66420
PG,2023,74598
PG,2023,91140
PG,2023,89354
PG,2023,86558
PG,2023,79122
PG,2023,62143
PG,2023,55482
PG,2023,75500
PG,2023,78952
PG,2023,78490
PG,2023,91237
PG,2023,72613
PG,2023,102919
PG,2023,72675
PG,2023,84052
PG,2023,53951
PG,2023,70658
PG,2023,76522
PG,2023,79686
PG,2023,65568
PG,2023,86351
PG,2023,87282
PG,2023,61948
PG,2023,49627
PG,2023,32497
PG,2023,103839
PG,2023,68149
PG,2023,74400
PG,2023,91017
PG,2023,100902
PG,2023,58687
PG,2023,43778
PG,2023,102211
PG,2023,86095
PG,2023,102302
PG,2023,64799
PG,2023,101599
PG,2023,58600
PG,2023,60112
PG,2023,68108
PG,2023,65336
PG,2023,73303
PG,2023,76852
PG,2023,62019
PG,2023,87728
PG,2023,74142
PG,2023,60132
DETE,2023,2459
PG,2023,51030
PG,2023,45411
PG,2023,71707
PG,2023,83572
PG,2023,57478
PG,2023,92055
PG,2023,57932
PG,2023,103790
PG,2023,101623
PG,2023,72499
PG,2023,40991
PG,2023,85696
PG,2023,71811
PG,2023,72196
PG,2023,82203
PG,2023,89436
PG,2023,64813
PG,2023,87577
PG,2023,63565
PG,2023,52211
PG,2023,41305
PG,2023,105988
PG,2023,54791
PG,2023,58630
PG,2023,46445
PG,2023,74164
PG,2023,103771
PG,2023,76365
PG,2023,76444
PG,2023,60554
PG,2023,103791
PG,2023,48818
PG,2023,106875
PG,2023,104590
PG,2023,85343
PG,2023,103298
PG,2023,84111
PG,2023,102842
PG,2023,72200
PG,2023,63763
PG,2023,73360
PG,2023,82843
PG,2023,53973
PG,2023,92431
PG,2023,61924
PG,2023,55888
PG,2023,67969
PG,2023,69355
PG,2023,75559
PG,2023,82809
PG,2023,66093
PG,2023,50427
PG,2023,53738
PG,2023,53001
PG,2023,76501
PG,2023,46112
PG,2023,93391
PG,2023,92339
PG,2023,82487
PG,2023,79169
PG,2023,101967
PG,2023,75441
PG,2023,73787
DELI,2023,242
PG,2023,65902
PG,2023,69645
PG,2023,61759
PG,2023,58436
PG,2023,66361
PG,2023,108498
PG,2023,107967
PG,2023,55140
PG,2023,64927
PG,2023,79901
PG,2023,59251
PG,2023,53965
PG,2023,59266
PG,2023,53134
PG,2023,106015
PG,2023,79688
PG,2023,99850
PG,2023,87488
PG,2023,69366
PG,2023,87322
PG,2023,29985
PG,2023,60407
PG,2023,108573
PG,2023,73112
PG,2023,84595
PG,2023,66920
PG,2023,73842
PG,2023,82458
PG,2023,84731
PG,2023,75041
PG,2023,50098
PG,2023,55366
PG,2023,51447
PG,2023,58319
PG,2023,87466
PG,2023,53250
PG,2023,72353
PG,2023,89694
PG,2023,71040
PG,2023,65538
PG,2023,101736
PG,2023,67382
PG,2023,105719
PG,2023,92471
PG,2023,104963
PG,2023,78864
PG,2023,46719
PG,2023,66346
PG,2023,78563
PG,2023,79391
PG,2023,49187
PG,2023,106026
PG,2023,54377
PG,2023,71693
PG,2023,40879
PG,2023,78090
PG,2023,93227
PG,2023,85388
PG,2023,67511
PG,2023,57364
PG,2023,107303
PG,2023,84630
PG,2023,59949
PG,2023,63103
PG,2023,107749
PG,2023,52903
PG,2023,109796
PG,2023,68425
PG,2023,100888
PG,2023,103864
PG,2023,52076
PG,2023,72640
PG,2023,106957
PG,2023,60921
PG,2023,76663
PG,2023,102429
PG,2023,104382
PG,2023,102013
PG,2023,85625
PG,2023,81066
PG,2023,55847
PG,2023,73808
PG,2023,47892
PG,2023,68824
PG,2023,86469
PG,2023,56844
PG,2023,76445
PG,2023,61654
PG,2023,58406
PG,2023,108956
PG,2023,65053
PG,2023,58305
PG,2023,111963
PG,2023,90951
PG,2023,71761
PG,2023,55061
PG,2023,101311
PG,2023,55033
PG,2023,76492
PG,2023,68961
PG,2023,74363
PG,2023,108152
PG,2023,55102
PG,2023,80918
PG,2023,46271
PG,2023,50532
PG,2023,109688
PG,2023,67859
PG,2023,90127
PG,2023,56669
PG,2023,85851
PG,2023,58989
PG,2023,51449
PG,2023,108392
PG,2023,62546
PG,2023,90026
PG,2023,61303
PG,2023,69534
PG,2023,61234
PG,2023,63705
PG,2023,73844
PG,2023,53055
PG,2023,71509
PG,2023,77611
PG,2023,91857
PG,2023,108078
PG,2023,91184
PG,2023,66089
PG,2023,72434
PG,2023,52466
PG,2023,55249
PG,2023,53684
PG,2023,70122
PG,2023,76931
PG,2023,105263
PG,2023,89888
PG,2023,69884
PG,2023,87210
PG,2023,80220
PG,2023,73816
PG,2023,69760
PG,2023,90950
PG,2023,80027
PG,2023,56353
PG,2023,68783
PG,2023,105709
PG,2023,61609
PG,2023,75676
PG,2023,75047
PG,2023,57664
PG,2023,103830
PG,2023,64280
PG,2023,72091
PG,2023,61513
PG,2023,62234
PG,2023,76508
PG,2023,59667
PG,2023,108568
PG,2023,79908
PG,2023,66100
PG,2023,72169
PG,2023,59801
PG,2023,47210
PG,2023,56434
PG,2023,42114
PG,2023,63871
PG,2023,57445
PG,2023,57200
PG,2023,89264
PG,2023,52648
PG,2023,45588
PG,2023,99925
PG,2023,83227
PG,2023,100998
PG,2023,76609
PG,2023,84008
PG,2023,78561
PG,2023,72605
PG,2023,75572
PG,2023,102552
PG,2023,61360
PG,2023,48043
PG,2023,65310
PG,2023,105669
PG,2023,101305
PG,2023,74964
PG,2023,41049
PG,2023,71786
PG,2023,64824
PG,2023,107322
PG,2023,109050
PG,2023,67343
PG,2023,107494
PG,2023,57617
PG,2023,91482
PG,2023,89648
PG,2023,83025
PG,2023,104611
PG,2023,43057
PG,2023,106523
PG,2023,79305
PG,2023,77979
PG,2023,72523
PG,2023,52008
PG,2023,59161
PG,2023,61647
PG,2023,71344
PG,2023,68999
PG,2023,43732
PG,2023,100509
PG,2023,103732
PG,2023,32262
PG,2023,68593
PG,2023,76149
PG,2023,64219
PG,2023,71307
PG,2023,105911
PG,2023,60558
PG,2023,69308
PG,2023,87481
PG,2023,30359
PG,2023,51688
PG,2023,56064
PG,2023,91816
PG,2023,52455
PG,2023,59434
PG,2023,60566
PG,2023,106022
PG,2023,65665
PG,2023,75542
PG,2023,56346
PG,2023,104025
PG,2023,65484
PG,2023,61191
PG,2023,70491
PG,2023,49418
PG,2023,69588
PG,2023,82170
PG,2023,63620
PG,2023,32582
PG,2023,102342
PG,2023,53204
PG,2023,44289
PG,2023,104501
PG,2023,67830
PG,2023,85432
PG,2023,60900
PG,2023,63399
PG,2023,91489
PG,2023,101684
PG,2023,66218
PG,2023,58510
PG,2023,105481
PG,2023,61831
PG,2023,87054
PG,2023,107111
PG,2023,102904
PG,2023,100764
PG,2023,101365
PG,2023,78839
PG,2023,63447
PG,2023,109153
PG,2023,89833
PG,2023,75728
PG,2023,79969
PG,2023,84849
PG,2023,107701
PG,2023,57278
PG,2023,63432
PG,2023,104466
PG,2023,78665
PG,2023,53658
PG,2023,69104
PG,2023,84641
PG,2023,69599
PG,2023,86508
PG,2023,77889
PG,2023,53761
PG,2023,105057
PG,2023,108594
PG,2023,63910
PG,2023,48409
PG,2023,48036
PG,2023,86683
PG,2023,72024
PG,2023,56703
PG,2023,70106
PG,2023,46281
PG,2023,89408
PG,2023,54769
PG,2023,100511
PG,2023,51458
PG,2023,101524
PG,2023,89161
PG,2023,78733
PG,2023,89945
PG,2023,101954
PG,2023,71488
PG,2023,85373
PG,2023,74405
PG,2023,56316
PG,2023,83252
PG,2023,103291
PG,2023,74745
PG,2023,90196
PG,2023,62737
PG,2023,62124
PG,2023,59604
PG,2023,81500
PG,2023,76115
PG,2023,101847
PG,2023,32360
PG,2023,78602
PG,2023,59438
PG,2023,67693
PG,2023,62715
PG,2023,69767
PG,2023,50141
PG,2023,102163
PG,2023,32188
PG,2023,57383
PG,2023,75438
PG,2023,84299
PG,2023,107467
PG,2023,71861
PG,2023,85132
PG,2023,80941
PG,2023,72618
PG,2023,88729
PG,2023,56138
PG,2023,54996
PG,2023,53953
PG,2023,60813
PG,2023,53364
PG,2023,80473
PG,2023,64411
PG,2023,58153
PG,2023,53589
PG,2023,62929
PG,2023,64333
PG,2023,77616
PG,2023,59426
PG,2023,90295
PG,2023,76465
PG,2023,74704
PG,2023,70317
PG,2023,74178
PG,2023,87209
PG,2023,71820
PG,2023,30549
PG,2023,64951
PG,2023,84673
PG,2023,42678
PG,2023,81456
PG,2023,72925
PG,2023,89622
PG,2023,75339
PG,2023,43138
PG,2023,50125
PG,2023,46447
PG,2023,68897
PG,2023,41353
PG,2023,43599
PG,2023,93502
PG,2023,101733
PG,2023,73932
PG,2023,60986
PG,2023,58766
PG,2023,104608
PG,2023,71275
PG,2023,79091
PG,2023,56398
PG,2023,81179
PG,2023,64249
PG,2023,53666
PG,2023,74136
PG,2023,70459
PG,2023,56376
PG,2023,59112
PG,2023,105040
PG,2023,89946
PG,2023,104932
PG,2023,77313
PG,2023,90078
PG,2023,91459
PG,2023,110259
PG,2023,83588
PG,2023,62174
PG,2023,64420
PG,2023,85186
PG,2023,57460
PG,2023,70564
PG,2023,72054
PG,2023,68861
PG,2023,87906
PG,2023,83153
PG,2023,84100
PG,2023,57449
PG,2023,104033
PG,2023,55236
PG,2023,64619
PG,2023,68548
PG,2023,45851
PG,2023,62872
PG,2023,60441
PG,2023,107411
PG,2023,79888
PG,2023,108102
PG,2023,79949
PG,2023,42338
PG,2023,81734
PG,2023,62704
PG,2023,70176
PG,2023,91708
PG,2023,107622
PG,2023,59902
PG,2023,70392
PG,2023,59181
PG,2023,109450
PG,2023,66009
PG,2023,76898
PG,2023,87455
PG,2023,62049
PG,2023,85569
PG,2023,58695
PG,2023,87184
PG,2023,11368
PG,2023,89906
PG,2023,76364
PG,2023,59330
PG,2023,104568
PG,2023,61873
PG,2023,61926
PG,2023,73193
PG,2023,78009
PG,2023,103798
PG,2023,81008
PG,2023,91052
PG,2023,106692
PG,2023,72984
PG,2023,64291
PG,2023,47176
PG,2023,73781
PG,2023,84122
PG,2023,50324
PG,2023,71396
PG,2023,102183
PG,2023,56674
PG,2023,104499
PG,2023,85354
PG,2023,102203
PG,2023,103122
PG,2023,64076
PG,2023,104240
PG,2023,80448
PG,2023,66036
PG,2023,85628
PG,2023,56713
PG,2023,41153
PG,2023,86687
PG,2023,59039
PG,2023,61532
PG,2023,77333
PG,2023,64074
PG,2023,109162
PG,2023,72598
PG,2023,104316
PG,2023,81972
PG,2023,77429
PG,2023,77066
PG,2023,58082
PG,2023,62850
PG,2023,80772
PG,2023,56477
PG,2023,66595
PG,2023,66090
PG,2023,73470
PG,2023,55969
PG,2023,64104
PG,2023,70933
PG,2023,86542
PG,2023,80495
PG,2023,55532
PG,2023,87859
PG,2023,76777
PG,2023,53387
PG,2023,108679
PG,2023,83489
PG,2023,84838
PG,2023,62352
PG,2023,69465
PG,2023,90537
PG,2023,57737
PG,2023,101085
PG,2023,62344
PG,2023,102551
PG,2023,61635
PG,2023,42313
PG,2023,44396
PG,2023,61839
PG,2023,107946
PG,2023,75255
PG,2023,73034
PG,2023,102525
PG,2023,87837
PG,2023,76017
PG,2023,44235
PG,2023,60970
PG,2023,78801
PG,2023,74130
PG,2023,102264
PG,2023,104324
PG,2023,81224
PG,2023,89633
PG,2023,89561
PG,2023,72693
PG,2023,74258
PG,2023,62288
PG,2023,55786
PG,2023,84597
PG,2023,100723
PG,2023,110147
PG,2023,90184
PG,2023,53496
PG,2023,108579
PG,2023,66424
PG,2023,80614
PG,2023,63065
PG,2023,75677
PG,2023,62746
PG,2023,79911
PG,2023,62281
PG,2023,71665
PG,2023,65171
PG,2023,79894
PG,2023,91928
PG,2023,91004
PG,2023,65096
PG,2023,101775
PG,2023,65975
PG,2023,91299
PG,2023,57988
PG,2023,62300
PG,2023,111968
PG,2023,109832
PG,2023,56332
PG,2023,86317
PG,2023,87861
PG,2023,76502
PG,2023,81137
PG,2023,55020
PG,2023,101649
PG,2023,110007
PG,2023,91830
PG,2023,70452
PG,2023,86121
PG,2023,108846
PG,2023,58914
PG,2023,57194
PG,2023,82888
PG,2023,75692
PG,2023,70135
PG,2023,61415
PG,2023,91480
PG,2023,64737
PG,2023,81426
PG,2023,59412
PG,2023,58311
PG,2023,56937
PG,2023,66076
PG,2023,109859
PG,2023,43280
PG,2023,84647
PG,2023,78596
PG,2023,49395
PG,2023,69897
PG,2023,30625
PG,2023,100886
PG,2023,82984
PG,2023,79706
PG,2023,54784
PG,2023,68978
PG,2023,86794
PG,2023,59396
PG,2023,106816
PG,2023,106734
PG,2023,87642
DELI,2023,293
PG,2023,77785
PG,2023,79895
PG,2023,41427
PG,2023,86599
PG,2023,54548
PG,2023,83470
PG,2023,56650
PG,2023,85695
PG,2023,61598
PG,2023,49416
PG,2023,66242
PG,2023,87178
PG,2023,65415
PG,2023,68239
PG,2023,54058
PG,2023,108034
PG,2023,106904
PG,2023,44838
PG,2023,103524
PG,2023,72142
PG,2023,107015
PG,2023,87898
PG,2023,107717
PG,2023,59343
PG,2023,66226
PG,2023,56527
PG,2023,41983
PG,2023,93128
PG,2023,53491
PG,2023,46775
PG,2023,57910
PG,2022,92690
PG,2023,71613
PG,2023,68840
PG,2023,40708
PG,2023,67832
PG,2023,56363
PG,2023,83150
PG,2023,55738
PG,2023,111293
PG,2023,105787
PG,2023,83341
PG,2023,45662
PG,2023,76076
PG,2023,53326
PG,2023,106869
PG,2023,89865
PG,2023,89990
PG,2023,81098
PG,2023,53223
PG,2023,66455
PG,2023,17902
PG,2023,72427
PG,2023,103850
PG,2023,84751
PG,2023,102044
PG,2023,90194
PG,2023,90536
PG,2023,71838
PG,2023,62131
PG,2023,57344
PG,2023,53665
PG,2023,66795
PG,2023,83959
PG,2023,63756
PG,2023,63177
PG,2023,84776
PG,2023,74692
PG,2023,84867
PG,2023,90305
PG,2023,69382
PG,2023,86699
PG,2023,75883
PG,2023,90085
PG,2023,58078
PG,2023,109264
PG,2023,77612
PG,2023,104693
PG,2023,61589
PG,2023,60051
PG,2023,60301
PG,2023,81783
PG,2023,52472
PG,2023,74097
PG,2023,103377
PG,2023,66572
PG,2023,62176
PG,2023,64268
PG,2023,82559
PG,2023,41923
PG,2023,70448
PG,2023,73673
PG,2023,78157
PG,2023,85724
PG,2023,75063
PG,2023,68781
PG,2023,81323
PG,2023,64383
PG,2023,110904
PG,2023,105754
PG,2023,56847
PG,2023,65364
PG,2023,106850
PG,2023,74570
PG,2023,65562
PG,2023,77890
PG,2023,65311
PG,2023,56325
PG,2023,61932
PG,2023,78471
PG,2023,63619
PG,2023,77810
PG,2023,54400
PG,2023,107250
PG,2023,81328
PG,2023,102299
PG,2023,67414
PG,2023,92487
PG,2023,91504
PG,2023,109011
PG,2023,58452
PG,2023,61511
PG,2023,67593
PG,2023,77943
PG,2023,43931
PG,2023,108873
PG,2023,68872
PG,2023,68297
PG,2023,70940
PG,2023,107674
PG,2023,50454
PG,2023,73059
PG,2023,44902
PG,2023,54101
PG,2023,72639
PG,2023,46706
PG,2023,55184
PG,2023,85197
PG,2023,89895
PG,2023,103867
PG,2023,40136
PG,2023,81798
PG,2023,89155
PG,2023,51862
PG,2023,58039
PG,2023,88512
PG,2023,68191
PG,2023,65456
PG,2023,105077
PG,2023,86623
PG,2023,80829
PG,2023,79498
PG,2023,58371
PG,2023,102265
PG,2023,56829
PG,2023,75388
PG,2023,60047
PG,2023,71058
PG,2023,70925
PG,2023,55904
PG,2023,102377
PG,2023,88307
PG,2023,102933
PG,2023,58859
PG,2023,70740
PG,2023,51144
PG,2023,108939
PG,2023,76964
PG,2023,66553
PG,2023,69409
PG,2023,74757
PG,2023,100635
PG,2023,92746
PG,2023,48181
PG,2023,52886
PG,2023,91377
PG,2023,58846
PG,2023,91956
PG,2023,104672
PG,2023,57534
PG,2023,68917
PG,2023,88475
PG,2023,83495
PG,2023,80193
PG,2023,62819
PG,2023,105977
PG,2023,57901
PG,2023,104534
PG,2023,70968
PG,2023,108132
PG,2023,56339
PG,2023,66821
PG,2023,107444
PG,2023,81248
PG,2023,58227
PG,2023,61918
PG,2023,91783
PG,2023,74123
PG,2023,101283
PG,2023,42108
PG,2023,78034
PG,2023,59105
PG,2023,92344
PG,2023,71108
PG,2023,65915
PG,2023,64902
PG,2023,101791
PG,2023,56604
PG,2023,82502
PG,2023,58519
PG,2023,88849
PG,2023,83389
PG,2023,106967
PG,2023,42879
PG,2023,108364
PG,2023,74647
PG,2023,64567
PG,2023,75946
PG,2023,74869
PG,2023,46284
PG,2023,89200
PG,2023,90972
PG,2023,104715
PG,2023,57380
PG,2023,46668
PG,2023,74952
PG,2023,86409
PG,2023,93436
PG,2023,106081
PG,2023,107136
PG,2023,101059
PG,2023,71778
PG,2023,105395
PG,2023,91986
PG,2023,107390
PG,2023,47167
PG,2023,72979
PG,2023,56790
PG,2023,69922
PG,2023,67621
PG,2023,41426
PG,2023,78275
PG,2023,64814
PG,2023,88236
PG,2023,92298
PG,2023,64419
PG,2023,82245
PG,2023,108578
PG,2023,55737
PG,2023,45228
PG,2023,72163
PG,2023,80923
PG,2023,70194
PG,2023,113100
PG,2023,103071
PG,2023,67932
PG,2023,79773
PG,2023,69901
PG,2023,52669
PG,2023,77539
PG,2023,56595
PG,2023,104411
PG,2023,59146
PG,2023,84214
PG,2023,87023
PG,2023,108689
PG,2023,63024
PG,2023,63011
PG,2023,77096
PG,2023,73636
PG,2023,60678
PG,2023,83229
PG,2023,104294
PG,2023,90365
PG,2023,60910
PG,2023,42772
PG,2023,74100
PG,2023,84429
PG,2023,30703
PG,2023,84323
PG,2023,65768
PG,2023,54018
PG,2023,66556
PG,2023,92069
PG,2023,56529
PG,2023,100906
PG,2023,71419
PG,2023,110929
PG,2023,65161
PG,2023,91636
PG,2023,100972
PG,2023,48044
PG,2023,57180
PG,2023,86685
PG,2023,70599
PG,2023,85749
PG,2023,60486
PG,2023,64454
PG,2023,89995
PG,2023,60559
PG,2023,104595
PG,2023,65565
PG,2023,72519
PG,2023,76089
PG,2023,79192
PG,2023,89191
PG,2023,64208
PG,2023,73560
PG,2023,63341
PG,2023,107333
PG,2023,32257
PG,2023,42935
PG,2023,49196
PG,2023,90399
PG,2023,64998
PG,2023,60657
PG,2023,81920
PG,2023,104570
PG,2023,103500
PG,2023,91382
PG,2023,105174
PG,2023,51296
PG,2023,74802
PG,2023,47564
PG,2023,42635
PG,2023,104667
PG,2023,67029
PG,2023,31001
PG,2023,67703
PG,2023,88373
PG,2023,86331
PG,2023,73477
PG,2023,70980
PG,2023,60224
PG,2023,85659
PG,2023,50486
PG,2023,111078
PG,2023,56060
PG,2023,67397
PG,2023,80894
PG,2023,40412
PG,2023,101682
PG,2023,109115
PG,2023,56361
PG,2023,102779
PG,2023,55216
PG,2023,107487
PG,2023,76938
PG,2023,90297
PG,2023,71598
PG,2023,33421
PG,2023,82792
PG,2023,72058
PG,2023,80160
PG,2023,69903
PG,2023,71290
PG,2023,80407
PG,2023,32413
PG,2023,91560
PG,2023,78351
PG,2023,76282
PG,2023,107029
PG,2023,100479
PG,2023,74752
PG,2023,71879
PG,2023,72141
PG,2023,85409
PG,2023,86024
PG,2023,69757
PG,2023,32182
PG,2023,69920
PG,2023,68737
PG,2023,44886
PG,2023,64492
PG,2023,78139
PG,2023,60320
PG,2023,83028
PG,2023,74230
PG,2023,87895
PG,2023,64903
PG,2023,72250
PG,2023,70604
PG,2023,65880
PG,2023,57683
PG,2023,45868
PG,2023,76584
PG,2023,86852
PG,2023,82739
PG,2023,72557
PG,2023,88239
PG,2023,71366
PG,2023,107543
PG,2023,44527
PG,2023,85456
PG,2023,103415
PG,2023,103717
PG,2023,109322
PG,2023,107539
PG,2023,87340
PG,2023,47166
PG,2023,106458
PG,2023,74091
PG,2023,88412
PG,2023,86067
PG,2023,63073
PG,2023,30451
PG,2023,109239
PG,2023,59817
PG,2023,83104
PG,2023,48660
PG,2023,91835
PG,2023,101667
PG,2023,55403
PG,2023,70433
PG,2023,66333
PG,2023,46077
PG,2023,79737
PG,2023,100938
PG,2023,108175
PG,2023,101576
PG,2023,43037
PG,2023,57033
PG,2023,100904
PG,2023,83636
PG,2023,109083
PG,2023,88658
PG,2023,56837
PG,2023,86334
PG,2023,89130
PG,2023,104331
PG,2023,71423
PG,2023,75444
PG,2023,68809
PG,2023,76987
PG,2023,61938
PG,2023,46232
PG,2023,87007
PG,2023,84913
PG,2023,76682
PG,2023,59580
PG,2023,64779
PG,2023,65790
PG,2023,56354
PG,2023,63739
PG,2023,62621
PG,2023,85145
PG,2023,88925
PG,2023,67335
PG,2023,87386
PG,2023,85720
PG,2023,57363
PG,2023,51353
PG,2023,83230
PG,2023,30212
PG,2023,73656
PG,2023,75286
PG,2023,65645
PG,2023,58770
PG,2023,109128
PG,2023,84324
PG,2023,91661
PG,2023,74787
PG,2023,86577
PG,2023,72134
PG,2023,57735
PG,2023,86077
PG,2023,78155
PG,2023,91124
PG,2023,80460
PG,2023,63262
PG,2023,88477
PG,2023,61514
PG,2023,81917
PG,2023,74634
PG,2023,58357
PG,2023,69304
PG,2023,78331
PG,2023,93246
PG,2023,107159
PG,2023,106940
PG,2023,73668
PG,2023,63151
PG,2023,91932
PG,2023,99851
PG,2023,65077
PG,2023,53454
PG,2023,55617
PG,2023,110041
PG,2023,84877
PG,2023,62133
PG,2023,80391
PG,2023,32600
PG,2023,109032
PG,2023,56424
PG,2023,76463
PG,2023,71660
PG,2023,87604
PG,2023,103895
PG,2023,30373
PG,2023,110301
PG,2023,106910
PG,2023,74646
PG,2023,82579
PG,2023,60528
PG,2023,88098
PG,2023,73756
PG,2023,82200
PG,2023,100506
PG,2023,109816
PG,2023,89178
PG,2023,73753
PG,2023,55726
PG,2023,43465
PG,2023,78362
PG,2023,52928
PG,2023,58975
PG,2023,92297
PG,2023,60058
PG,2023,86837
PG,2023,56983
PG,2023,63617
PG,2023,74333
PG,2023,68838
PG,2023,46102
PG,2023,87790
PG,2023,82639
PG,2023,101541
PG,2023,79324
PG,2023,82218
PG,2023,102285
PG,2023,67977
PG,2023,62328
PG,2023,75802
PG,2023,44698
PG,2023,102012
PG,2023,86942
PG,2023,66084
PG,2023,89921
PG,2023,75489
PG,2023,69391
PG,2023,90992
PG,2023,107616
PG,2023,44193
PG,2023,66161
PG,2023,42773
PG,2023,86287
PG,2023,59943
PG,2023,91115
PG,2023,59042
PG,2023,85223
PG,2023,80409
PG,2023,105501
PG,2023,52649
PG,2023,55814
PG,2023,62701
PG,2023,78429
PG,2023,43458
PG,2023,77772
PG,2023,108635
PG,2023,108941
PG,2023,81209
PG,2023,57357
PG,2023,54440
PG,2023,101681
PG,2023,81191
PG,2023,74289
PG,2023,29918
PG,2023,56042
PG,2023,107149
PG,2023,100776
PG,2023,59939
PG,2023,87473
PG,2023,29871
PG,2023,72645
PG,2023,101076
PG,2023,89318
PG,2023,64494
PG,2023,106982
PG,2023,83100
PG,2023,63850
PG,2023,64576
PG,2023,86468
PG,2023,62859
PG,2023,32187
PG,2023,81406
PG,2023,89356
PG,2023,72479
PG,2023,40645
PG,2022,81251
PG,2023,43671
PG,2023,72968
PG,2023,104668
PG,2023,106854
PG,2023,80322
PG,2023,54100
PG,2023,57593
PG,2023,84027
PG,2023,81159
PG,2023,32587
PG,2023,62575
PG,2023,88755
PG,2023,49464
PG,2023,104862
PG,2023,57218
PG,2023,88310
PG,2023,101031
PG,2023,100548
PG,2023,59401
PG,2023,107655
PG,2023,113051
PG,2023,75888
PG,2023,82250
PG,2023,55318
PG,2023,40906
PG,2023,86410
PG,2023,76108
PG,2023,85666
PG,2023,89355
PG,2023,54782
PG,2023,62568
PG,2023,52804
PG,2023,87553
PG,2023,48627
PG,2023,81828
PG,2023,65313
PG,2023,104110
PG,2023,40550
PG,2023,54451
PG,2023,69316
PG,2023,87286
PG,2023,55283
PG,2023,56148
PG,2023,87832
PG,2023,59008
PG,2023,68790
PG,2023,84815
PG,2023,105591
PG,2023,48508
PG,2023,65146
PG,2023,105450
PG,2023,55180
PG,2023,78611
PG,2023,73727
PG,2023,55099
PG,2023,71518
PG,2023,107386
PG,2023,53156
PG,2023,57799
PG,2023,75098
PG,2023,80672
PG,2023,82687
PG,2023,66440
PG,2023,103107
PG,2023,89846
PG,2023,63443
PG,2023,57610
PG,2023,98833
PG,2023,63144
PG,2023,64495
PG,2023,83515
PG,2023,91201
PG,2023,77178
PG,2023,102456
PG,2023,56835
PG,2023,72126
PG,2023,66967
PG,2023,73492
PG,2023,78349
PG,2023,80661
PG,2023,77019
PG,2023,62697
PG,2023,32538
PG,2023,53504
PG,2023,56241
PG,2023,102766
PG,2023,86784
PG,2023,66165
PG,2023,53564
PG,2023,104549
PG,2023,57010
PG,2023,78340
PG,2023,86278
PG,2023,63848
PG,2023,89699
PG,2023,63829
PG,2023,92179
PG,2023,92283
PG,2023,105222
PG,2023,79770
PG,2023,71476
PG,2023,93208
PG,2023,56315
PG,2023,102507
PG,2023,104537
PG,2023,86384
DELI,2023,189
PG,2023,80159
PG,2023,59151
PG,2023,85483
PG,2023,78787
PG,2023,32575
PG,2023,92242
PG,2023,32594
PG,2023,89518
PG,2023,64600
PG,2023,85090
PG,2023,47264
PG,2023,42186
PG,2023,92547
PG,2023,100630
PG,2023,56479
PG,2023,79320
PG,2023,104378
PG,2023,77182
PG,2023,73592
PG,2023,89843
PG,2023,78831
PG,2023,54539
PG,2023,58551
PG,2023,90165
PG,2023,112951
PG,2023,69763
PG,2023,85493
PG,2023,85837
PG,2023,108589
DETE,2023,1058
PG,2023,67018
PG,2023,60989
PG,2023,44060
PG,2023,75269
PG,2023,46437
PG,2023,57362
PG,2023,87682
PG,2023,56326
PG,2023,81034
PG,2023,84709
PG,2023,76631
PG,2023,83743
PG,2023,63890
PG,2023,57546
PG,2023,89123
PG,2023,85248
PG,2023,31429
PG,2023,49660
PG,2023,84103
PG,2023,104817
PG,2023,69803
PG,2023,109307
PG,2023,87310
PG,2023,76457
PG,2023,55616
PG,2023,102894
PG,2023,65593
PG,2023,56752
PG,2023,109060
PG,2023,106033
PG,2023,89624
PG,2023,63172
PG,2023,76667
PG,2023,69661
PG,2023,66303
PG,2023,103946
PG,2023,85326
PG,2023,54794
PG,2023,107653
PG,2023,64053
PG,2023,38682
PG,2023,101164
PG,2023,82771
PG,2023,52714
PG,2023,72497
PG,2023,78103
PG,2023,83931
PG,2023,106027
PG,2023,68338
PG,2023,88196
PG,2023,51722
PG,2023,79185
PG,2023,103770
PG,2023,75959
PG,2023,77829
PG,2023,78147
PG,2023,48231
PG,2023,43125
PG,2023,59524
PG,2023,65381
PG,2023,68042
PG,2023,54480
PG,2023,82529
PG,2023,108444
PG,2023,72256
PG,2023,75580
PG,2023,88884
PG,2023,62811
PG,2023,92532
PG,2023,68083
PG,2023,108252
PG,2023,100997
PG,2023,103504
PG,2023,32595
PG,2023,67739
PG,2023,65857
PG,2023,73259
PG,2023,89169
PG,2023,101454
PG,2023,54538
PG,2023,76628
PG,2023,90007
PG,2023,59202
PG,2023,69932
PG,2023,88036
PG,2023,53862
PG,2023,107609
PG,2023,81684
PG,2023,61921
PG,2023,83408
PG,2023,89626
PG,2023,87711
PG,2023,103450
PG,2023,102728
PG,2023,47047
PG,2023,104023
PG,2023,102760
PG,2023,73125
PG,2023,44850
PG,2023,86880
PG,2023,71524
PG,2023,63865
PG,2023,108320
PG,2023,61764
PG,2023,52822
PG,2023,70210
PG,2023,103036
PG,2023,80398
PG,2023,83050
PG,2023,65519
PG,2023,52810
PG,2023,67514
PG,2023,86797
PG,2023,62290
PG,2023,87186
PG,2023,69844
PG,2023,101672
PG,2023,65112
PG,2023,41408
PG,2023,76461
PG,2023,108224
PG,2023,65933
PG,2023,58329
PG,2023,63029
PG,2023,83083
PG,2023,89343
PG,2023,110050
PG,2023,41654
PG,2023,73846
PG,2023,103051
PG,2023,64023
PG,2023,72156
PG,2023,40982
PG,2023,91305
PG,2023,88703
PG,2023,103459
PG,2023,53109
PG,2023,58550
PG,2023,67891
PG,2023,69750
PG,2023,54160
PG,2023,61943
PG,2023,73824
PG,2023,67879
PG,2023,107984
PG,2023,32546
PG,2023,87622
PG,2023,58601
PG,2023,104591
PG,2023,56746
PG,2023,92054
PG,2023,75931
PG,2023,103101
PG,2023,61786
PG,2023,76247
PG,2023,63117
PG,2023,83194
PG,2023,109221
PG,2023,67362
PG,2023,11427
PG,2023,79931
PG,2023,77976
PG,2023,67708
PG,2023,82006
PG,2023,105171
PG,2023,69732
PG,2023,62744
PG,2023,101724
PG,2023,84049
PG,2023,92163
PG,2023,61942
PG,2023,30483
PG,2023,108148
PG,2023,101768
PG,2023,110069
PG,2023,99351
PG,2023,84149
PG,2023,79718
PG,2023,80530
PG,2023,73316
PG,2023,85180
PG,2023,85191
PG,2023,103816
PG,2023,103688
PG,2023,54142
PG,2023,75895
PG,2023,81068
PG,2023,62428
PG,2023,92745
PG,2023,58605
PG,2023,67628
PG,2023,68340
PG,2023,72697
PG,2023,101579
PG,2023,68575
PG,2023,89644
PG,2023,73327
PG,2023,70623
PG,2023,110300
PG,2023,88662
PG,2023,65362
PG,2023,52631
PG,2023,53427
PG,2023,100580
PG,2023,83987
PG,2023,82704
PG,2023,68855
PG,2023,103047
PG,2023,58284
PG,2023,70451
PG,2023,70598
PG,2023,72676
PG,2023,44057
PG,2023,30473
PG,2023,81717
PG,2023,79906
PG,2023,108569
PG,2023,82976
PG,2023,103776
PG,2023,60025
PG,2023,101307
PG,2023,105545
PG,2023,32557
PG,2023,109034
PG,2023,62707
PG,2023,65924
PG,2023,103966
PG,2023,100475
PG,2023,89655
PG,2023,30568
PG,2023,73135
PG,2023,85153
PG,2023,66389
PG,2023,73942
PG,2023,68918
PG,2023,43961
PG,2023,54875
PG,2023,80949
PG,2023,74074
PG,2023,40933
PG,2023,92525
PG,2023,105181
PG,2023,87734
PG,2023,87927
PG,2023,69195
PG,2023,78175
PG,2023,64319
PG,2023,22407
PG,2023,74328
PG,2023,46406
PG,2022,105011
PG,2023,69880
PG,2023,84325
PG,2023,58186
PG,2023,78431
PG,2023,62583
PG,2023,81465
PG,2023,106159
PG,2023,82640
PG,2023,63749
PG,2023,55116
PG,2023,57438
PG,2023,44006
PG,2023,32296
PG,2023,73358
PG,2023,83131
PG,2023,67071
PG,2023,101002
PG,2023,76351
PG,2023,61365
PG,2023,60738
PG,2023,66233
PG,2023,107947
PG,2023,104657
PG,2023,56254
PG,2023,41946
PG,2023,87043
PG,2023,87339
PG,2023,66500
PG,2023,56487
PG,2023,82254
PG,2023,109499
PG,2023,44517
PG,2023,57372
PG,2023,84642
PG,2023,70621
PG,2023,65859
PG,2023,78058
PG,2023,57538
PG,2023,61066
PG,2023,92005
PG,2023,102443
PG,2023,77691
PG,2023,102455
PG,2023,88356
PG,2023,60318
PG,2023,106640
PG,2023,69734
PG,2023,90371
PG,2023,82942
PG,2023,105053
PG,2023,68749
PG,2023,41615
PG,2023,65754
PG,2023,65124
PG,2023,90200
PG,2023,62157
PG,2023,59834
PG,2023,109699
PG,2023,70899
PG,2023,88857
PG,2023,72245
PG,2023,75156
PG,2023,90130
PG,2023,42195
PG,2023,82931
PG,2023,77060
PG,2023,113066
PG,2023,73986
PG,2023,45013
PG,2023,85106
PG,2023,108934
PG,2023,58040
PG,2023,110224
PG,2023,68906
PG,2023,78178
PG,2023,88086
PG,2023,59537
PG,2023,63633
PG,2023,68293
PG,2023,55427
PG,2023,90401
PG,2023,58061
PG,2023,104761
PG,2023,72483
PG,2023,104385
PG,2023,83940
PG,2023,45824
PG,2023,85454
PG,2023,106726
PG,2023,67888
PG,2023,107707
PG,2023,108866
PG,2023,88345
PG,2023,110060
PG,2023,54429
PG,2023,93666
PG,2023,66050
PG,2023,42154
PG,2023,58162
PG,2023,77410
PG,2023,72575
PG,2023,82022
PG,2023,66132
PG,2023,68446
PG,2023,68570
PG,2023,82835
PG,2023,70450
PG,2023,57066
PG,2023,87732
PG,2023,103178
PG,2023,62639
PG,2023,82647
PG,2023,93124
PG,2023,32316
PG,2023,106953
PG,2023,90255
PG,2023,92535
PG,2023,86876
PG,2023,68387
PG,2023,87187
PG,2023,83315
PG,2023,75678
PG,2023,51774
PG,2023,77031
PG,2023,54102
PG,2023,46821
PG,2023,68408
PG,2023,82757
PG,2023,85764
PG,2023,48771
PG,2023,86379
PG,2023,104007
PG,2023,57007
PG,2023,92784
PG,2023,78526
PG,2023,58885
PG,2023,69891
PG,2023,46707
PG,2023,103496
PG,2023,44243
PG,2023,85086
PG,2023,48005
PG,2023,74911
PG,2023,102905
PG,2023,57571
PG,2023,67260
PG,2023,105862
PG,2023,55458
PG,2023,109879
PG,2023,77211
PG,2023,11365
PG,2023,78953
PG,2023,41732
PG,2023,89005
PG,2023,107155
PG,2023,104739
PG,2023,53493
PG,2023,87646
PG,2023,108707
PG,2023,76801
PG,2023,56080
PG,2023,60711
PG,2023,108129
PG,2023,81870
PG,2023,77073
PG,2023,105676
PG,2023,84441
PG,2022,76790
PG,2023,69106
PG,2023,80668
PG,2023,71819
PG,2023,81292
PG,2023,82415
PG,2023,82362
PG,2023,88852
PG,2023,103424
PG,2023,78207
PG,2023,109316
PG,2023,43339
PG,2023,86497
PG,2023,103134
PG,2023,63043
PG,2023,102291
PG,2023,85064
PG,2023,108659
PG,2023,83099
PG,2023,111908
PG,2023,87530
PG,2023,57431
PG,2023,111500
PG,2023,78278
PG,2023,109313
PG,2023,36848
PG,2023,57212
PG,2023,51652
PG,2023,82801
PG,2023,101567
PG,2023,83703
PG,2023,86480
PG,2023,89230
PG,2023,43223
PG,2023,54403
PG,2023,59083
PG,2023,72811
PG,2023,88791
PG,2023,78782
PG,2023,107663
PG,2023,83335
PG,2023,68469
PG,2023,84128
PG,2023,64233
PG,2023,87981
PG,2023,90292
PG,2023,81751
PG,2023,91409
PG,2023,71965
PG,2023,92261
PG,2023,82777
PG,2023,63629
PG,2023,65499
PG,2023,77578
PG,2023,86366
PG,2023,102971
PG,2023,56697
PG,2023,110618
PG,2023,63985
PG,2023,41891
PG,2023,57920
PG,2023,91161
PG,2023,67589
PG,2023,109254
PG,2023,108652
PG,2023,81262
PG,2023,86789
PG,2023,65012
PG,2023,40414
PG,2023,66911
PG,2023,102860
PG,2023,57495
PG,2023,109902
PG,2023,65116
PG,2023,69362
PG,2023,64414
PG,2022,69955
PG,2023,81973
PG,2023,87876
PG,2023,68256
PG,2023,87864
PG,2023,67389
PG,2023,60835
PG,2023,107634
PG,2023,56513
PG,2023,46342
PG,2023,66313
PG,2023,76635
PG,2023,64912
PG,2023,82534
PG,2023,101780
PG,2023,81995
PG,2023,75107
PG,2023,107562
PG,2023,75581
PG,2023,64513
PG,2023,68948
PG,2023,57309
PG,2023,82994
PG,2023,59347
PG,2023,44918
PG,2023,67163
PG,2023,61874
PG,2023,75420
PG,2023,69422
PG,2023,46788
PG,2023,91726
PG,2023,66068
PG,2023,59660
PG,2023,63803
PG,2023,59747
PG,2023,84110
PG,2023,107810
PG,2023,74633
PG,2023,47550
PG,2023,84025
PG,2023,78303
PG,2023,101709
PG,2023,109889
PG,2023,66120
PG,2023,53739
PG,2023,102488
PG,2023,72008
PG,2023,80851
PG,2023,69829
PG,2023,59309
PG,2023,48465
PG,2023,47610
PG,2023,72263
PG,2023,87899
PG,2023,105272
PG,2023,108008
PG,2023,79608
PG,2023,81276
PG,2023,105663
PG,2023,47894
PG,2023,76822
PG,2023,55963
PG,2023,101536
PG,2023,78141
PG,2023,30361
PG,2023,67391
PG,2023,85065
PG,2023,63638
PG,2023,62582
PG,2023,73483
PG,2023,76844
PG,2023,67930
PG,2023,57880
PG,2023,61178
PG,2023,83405
PG,2023,65123
PG,2023,89134
PG,2023,58114
PG,2023,80273
PG,2023,62264
PG,2023,80901
PG,2023,87024
PG,2023,77358
PG,2023,86059
PG,2023,86654
PG,2023,50671
PG,2023,33682
PG,2023,103890
PG,2023,68843
PG,2023,84862
PG,2023,75469
PG,2023,82898
PG,2023,64745
PG,2023,89011
PG,2023,30376
PG,2023,70931
PG,2023,43205
PG,2023,54434
PG,2023,101487
PG,2023,92346
PG,2023,81985
PG,2023,29864
PG,2023,85814
PG,2023,77986
PG,2023,64631
PG,2023,107472
PG,2023,103680
PG,2023,80252
PG,2023,62112
PG,2023,84727
PG,2023,104338
PG,2023,61519
DETE,2023,1170
PG,2023,110150
PG,2023,57433
PG,2023,67838
PG,2023,109295
PG,2023,63603
PG,2023,76531
PG,2023,105279
PG,2023,81021
PG,2023,82314
PG,2023,81893
PG,2023,107564
PG,2023,60716
PG,2023,56677
PG,2023,79935
PG,2023,50275
PG,2023,105016
PG,2023,88775
PG,2023,62714
PG,2023,78639
PG,2023,57044
PG,2023,73921
PG,2023,78248
PG,2023,68904
PG,2023,57502
PG,2023,72611
PG,2023,56191
PG,2023,92488
PG,2023,77004
PG,2023,67942
PG,2023,81201
PG,2023,62345
PG,2023,106500
PG,2023,63830
PG,2023,91598
PG,2023,81755
PG,2023,71221
PG,2023,92409
PG,2023,101015
PG,2023,84039
PG,2023,104015
PG,2023,109103
PG,2023,60113
PG,2023,68647
PG,2023,43587
PG,2023,104253
PG,2023,60041
PG,2023,53934
PG,2023,90940
PG,2023,105133
PG,2023,79317
PG,2023,78151
PG,2023,30652
PG,2023,108537
PG,2023,88758
PG,2023,72686
PG,2023,75601
PG,2023,100539
PG,2023,58355
PG,2023,103572
PG,2023,63693
PG,2023,76010
PG,2023,85820
PG,2023,82736
PG,2023,83272
PG,2023,60354
PG,2023,64876
PG,2023,84321
PG,2023,77438
PG,2023,87176
PG,2023,107022
PG,2023,75712
PG,2023,74508
PG,2023,36924
PG,2023,60021
PG,2023,45364
PG,2023,83106
PG,2023,74192
PG,2023,109346
PG,2023,50762
PG,2023,72161
PG,2023,102920
PG,2023,78224
PG,2023,78249
PG,2023,109207
PG,2023,66875
PG,2023,92275
PG,2023,83460
PG,2023,101748
PG,2023,78199
PG,2023,65042
PG,2023,106741
PG,2023,103362
PG,2023,70402
PG,2023,107795
PG,2023,62509
PG,2023,65576
PG,2023,79610
PG,2023,76256
PG,2023,91363
PG,2023,75679
PG,2023,105522
PG,2023,79064
PG,2023,43886
PG,2023,93222
PG,2023,74029
PG,2023,84450
PG,2023,61752
PG,2023,64285
PG,2023,81888
PG,2023,84376
PG,2023,65477
PG,2023,70147
PG,2023,82786
PG,2023,60894
PG,2023,75434
PG,2023,87173
PG,2023,43430
PG,2023,78962
PG,2023,61632
PG,2023,55829
PG,2023,101039
PG,2023,88245
PG,2023,46502
PG,2023,68688
PG,2023,82037
PG,2023,63309
PG,2023,102439
PG,2023,109122
PG,2023,107626
PG,2023,60952
PG,2023,80203
PG,2023,61491
PG,2023,67840
PG,2023,69609
PG,2023,86566
PG,2023,47397
PG,2023,105745
PG,2023,102397
PG,2023,47051
PG,2023,67137
PG,2023,78238
PG,2023,77020
PG,2023,80304
PG,2023,73261
PG,2023,53802
PG,2023,83044
PG,2023,105169
PG,2023,82581
PG,2023,76917
PG,2023,58515
PG,2023,75776
PG,2023,69490
PG,2023,56350
PG,2023,87525
PG,2023,92604
PG,2023,76752
PG,2023,100756
PG,2023,66944
PG,2023,54396
PG,2023,58266
PG,2023,66048
PG,2023,69331
PG,2023,87042
PG,2023,102035
PG,2023,91513
PG,2023,89936
PG,2023,61223
PG,2023,100686
PG,2023,91571
PG,2023,70182
PG,2023,65996
PG,2023,78010
PG,2023,80787
PG,2023,68455
PG,2023,57267
PG,2023,103286
PG,2023,102186
PG,2023,92702
PG,2023,103874
PG,2023,63287
PG,2023,61713
PG,2023,82470
PG,2023,64332
PG,2023,46924
PG,2023,100425
PG,2023,83210
PG,2023,46122
PG,2023,59533
PG,2023,67644
PG,2023,89887
PG,2023,102736
PG,2023,102685
PG,2023,74980
PG,2023,40438
PG,2023,87122
PG,2023,103100
PG,2023,57713
PG,2023,64753
PG,2023,56024
PG,2023,32237
PG,2023,56857
PG,2023,87904
PG,2023,84910
PG,2023,6788
PG,2023,57195
PG,2023,82924
PG,2023,107999
PG,2023,76818
PG,2023,88422
PG,2023,75898
PG,2023,53120
PG,2023,91832
PG,2023,76485
PG,2023,56977
PG,2023,73757
PG,2023,86972
PG,2023,63057
PG,2023,88183
PG,2023,59049
PG,2023,107372
PG,2023,109326
PG,2023,102105
PG,2023,75775
PG,2023,76490
PG,2023,63259
PG,2023,43084
PG,2023,105007
PG,2023,56542
PG,2023,88677
PG,2023,44117
PG,2023,100923
PG,2023,53285
PG,2023,63280
PG,2023,106867
PG,2023,54292
PG,2023,55531
PG,2023,103862
PG,2023,84370
PG,2023,77435
PG,2023,71253
PG,2023,68102
PG,2023,66392
PG,2023,57148
PG,2023,62111
PG,2023,58130
PG,2023,73189
PG,2023,61564
PG,2023,58707
PG,2023,68193
PG,2023,74529
PG,2023,63608
PG,2023,77949
PG,2023,104921
PG,2023,72332
PG,2023,70695
PG,2023,109372
PG,2023,78467
PG,2023,72362
PG,2023,80822
PG,2023,72802
PG,2023,65091
PG,2023,75740
PG,2023,79658
PG,2023,40781
PG,2023,66615
PG,2023,86632
PG,2023,85658
PG,2023,78293
PG,2023,65588
PG,2023,105099
PG,2023,105797
PG,2023,67757
PG,2023,71227
PG,2023,87061
PG,2023,58205
PG,2023,78664
PG,2023,60207
PG,2023,66787
PG,2023,109061
PG,2023,42315
PG,2023,54865
PG,2023,102681
PG,2023,62243
PG,2023,84133
PG,2023,83774
PG,2023,81350
PG,2023,107320
PG,2023,62194
PG,2023,73613
PG,2023,43696
PG,2023,80652
PG,2023,73449
PG,2023,84736
PG,2023,78691
PG,2023,82225
PG,2023,55948
PG,2023,78860
PG,2023,41143
PG,2023,63240
PG,2023,104416
PG,2023,56611
PG,2023,78715
PG,2023,66330
PG,2023,74182
PG,2023,69854
PG,2023,70823
PG,2023,108003
PG,2023,56648
PG,2023,105267
PG,2023,108607
PG,2023,56851
PG,2023,88570
PG,2023,57467
PG,2023,84640
PG,2023,81813
PG,2023,61570
PG,2023,89547
PG,2023,105512
PG,2023,79412
PG,2023,103171
PG,2023,82214
PG,2023,81325
PG,2023,66675
PG,2023,101014
PG,2023,108590
PG,2023,102811
PG,2023,66207
PG,2023,63813
PG,2023,105605
PG,2023,65852
PG,2023,84204
PG,2023,61834
PG,2023,104545
PG,2023,85287
PG,2023,83956
PG,2023,58336
PG,2023,68440
PG,2023,42103
PG,2023,64771
PG,2023,102828
PG,2023,60651
PG,2023,56945
PG,2023,91892
PG,2023,86118
PG,2023,63134
PG,2023,53203
PG,2023,55420
PG,2023,104460
PG,2023,76893
PG,2023,55253
PG,2023,54780
PG,2023,57314
PG,2023,69815
PG,2023,57762
PG,2023,88265
PG,2023,80123
PG,2023,66670
PG,2023,101760
PG,2023,66059
PG,2023,74963
PG,2023,108441
PG,2023,43900
PG,2023,54496
PG,2023,84014
PG,2023,62718
PG,2023,72002
PG,2023,61673
PG,2023,63316
PG,2023,104973
PG,2023,44207
PG,2023,62753
PG,2023,79595
PG,2023,72490
PG,2023,72317
PG,2023,87675
PG,2023,107110
PG,2023,78650
PG,2023,82560
PG,2023,42788
PG,2023,79419
PG,2023,86378
PG,2023,59007
PG,2023,75292
PG,2023,68331
PG,2023,101064
PG,2023,49601
PG,2023,86448
PG,2023,104215
PG,2023,70927
PG,2023,53428
PG,2023,72730
PG,2023,64253
PG,2023,86951
PG,2023,55011
PG,2023,101609
PG,2023,101228
PG,2023,107895
PG,2023,65841
PG,2023,89943
PG,2023,75048
PG,2023,104646
PG,2023,63740
PG,2023,81919
PG,2023,71497
PG,2023,103494
PG,2023,66156
PG,2023,60143
PG,2023,71317
PG,2023,83965
DELI,2023,283
PG,2023,102364
PG,2023,78646
PG,2023,73588
PG,2023,60898
PG,2023,58100
PG,2023,67478
PG,2023,79375
PG,2023,80523
PG,2023,91629
PG,2023,30775
PG,2023,103290
PG,2023,45312
PG,2023,71036
PG,2023,92570
PG,2023,57570
PG,2023,73235
PG,2023,71343
PG,2023,69573
PG,2023,103941
PG,2023,41470
PG,2023,82711
PG,2023,100914
PG,2023,77743
PG,2023,103125
PG,2023,60125
PG,2023,71328
PG,2023,90316
PG,2023,84303
PG,2023,56203
PG,2023,108763
PG,2023,45313
PG,2023,60394
PG,2023,74229
PG,2023,66822
PG,2023,90323
PG,2023,57050
PG,2023,109516
PG,2023,88132
PG,2023,91049
PG,2023,79065
PG,2023,61548
PG,2023,74750
PG,2023,69384
PG,2023,103354
PG,2023,112582
PG,2023,67412
PG,2023,54067
PG,2023,45356
PG,2023,93625
PG,2023,55856
PG,2023,83553
PG,2023,44003
PG,2023,54010
PG,2023,75163
PG,2023,66713
PG,2023,86963
PG,2023,109301
PG,2023,56043
PG,2023,106916
PG,2023,60955
PG,2023,82532
PG,2023,90367
PG,2023,87902
PG,2023,53920
PG,2023,76946
PG,2023,28003
PG,2023,74990
PG,2023,61622
PG,2023,62199
PG,2023,62412
PG,2023,76437
PG,2023,61039
PG,2023,101112
PG,2023,88970
PG,2023,72630
PG,2023,53361
PG,2023,60057
PG,2023,83702
PG,2023,73957
PG,2023,60700
PG,2023,58285
PG,2023,101195
PG,2023,108500
PG,2023,82477
PG,2023,56871
PG,2023,75419
PG,2023,107555
PG,2023,73416
PG,2023,81069
PG,2023,76219
PG,2023,74273
PG,2023,49458
PG,2023,106088
PG,2023,65131
PG,2023,100957
PG,2023,61458
PG,2023,105840
PG,2023,72799
PG,2023,78949
PG,2023,67981
PG,2023,77254
PG,2023,107045
PG,2023,60022
PG,2023,80742
PG,2023,63339
PG,2023,89664
PG,2023,109056
PG,2023,105941
PG,2023,89784
PG,2023,67524
PG,2023,87602
PG,2023,55744
PG,2023,82016
PG,2023,85195
PG,2023,58801
PG,2023,92635
PG,2023,68601
PG,2023,71864
PG,2023,59685
PG,2023,42299
PG,2023,88929
PG,2023,71066
PG,2023,101612
PG,2023,75090
PG,2023,102335
PG,2023,67274
PG,2023,67290
PG,2023,59001
PG,2023,54842
PG,2023,108986
PG,2023,107579
PG,2023,92216
PG,2023,100739
PG,2023,61884
PG,2023,76088
PG,2023,65346
PG,2023,108632
PG,2023,92551
PG,2023,33716
PG,2023,87097
PG,2023,63269
PG,2023,73094
PG,2023,81775
PG,2023,63132
PG,2023,63094
PG,2023,62280
PG,2023,100448
PG,2023,59082
PG,2023,72766
PG,2023,78369
PG,2023,64176
PG,2023,47926
PG,2023,74894
PG,2023,92047
PG,2023,43554
PG,2023,60581
PG,2023,63622
PG,2023,81738
PG,2023,74265
PG,2023,59653
PG,2023,92630
PG,2023,53089
PG,2023,51094
PG,2023,89525
PG,2023,66894
PG,2023,54497
PG,2023,72829
PG,2023,87396
PG,2023,76269
PG,2023,51437
PG,2023,66932
PG,2023,53505
PG,2023,85687
PG,2023,78911
PG,2023,87717
PG,2023,92530
PG,2023,87789
PG,2023,78002
PG,2023,61359
PG,2023,85261
PG,2023,85387
PG,2023,65850
PG,2023,102925
PG,2023,104450
PG,2023,105552
PG,2023,81657
PG,2023,73812
PG,2023,76350
PG,2023,61138
PG,2023,64647
PG,2023,72559
PG,2023,108227
PG,2023,65524
PG,2023,71814
PG,2023,66536
PG,2023,105868
PG,2023,76117
PG,2023,67608
PG,2023,68611
PG,2023,51954
PG,2023,79879
PG,2023,77494
PG,2023,83542
PG,2023,74618
PG,2023,56455
PG,2023,108046
PG,2023,54476
PG,2023,88815
PG,2023,86472
PG,2023,58084
PG,2023,57147
PG,2023,84845
PG,2023,75313
PG,2023,101772
PG,2023,56178
PG,2023,79986
PG,2023,85965
PG,2023,81273
PG,2023,62957
PG,2023,107488
PG,2023,44340
PG,2023,90962
PG,2023,81921
PG,2023,46234
PG,2023,67156
PG,2023,68432
PG,2023,62380
PG,2023,74865
PG,2023,60176
PG,2023,74143
PG,2023,100441
PG,2023,63879
PG,2023,61325
PG,2023,66844
PG,2023,81163
PG,2023,76000
PG,2023,105546
PG,2023,112523
PG,2023,101272
PG,2023,109323
PG,2023,74703
PG,2023,45871
PG,2023,70706
PG,2023,56673
PG,2023,55221
PG,2023,32579
PG,2023,62814
PG,2023,69381
PG,2023,108354
PG,2023,32601
PG,2023,51214
PG,2023,52997
PG,2023,55013
PG,2023,54111
PG,2023,104312
PG,2023,41739
PG,2023,46823
PG,2023,40408
PG,2023,108448
PG,2023,86458
PG,2023,75495
PG,2023,87290
PG,2023,42238
PG,2023,81471
PG,2023,48829
PG,2023,78160
PG,2023,31858
PG,2023,32230
PG,2023,75629
PG,2023,60293
PG,2023,84842
PG,2023,57178
PG,2023,62950
PG,2023,62634
PG,2023,65517
PG,2023,100823
PG,2023,92777
PG,2023,77221
PG,2023,59810
PG,2023,91768
PG,2023,66688
PG,2023,107350
PG,2023,70672
PG,2023,102743
PG,2023,57459
PG,2023,104328
PG,2023,81685
PG,2023,104547
PG,2023,63634
PG,2023,76793
PG,2023,103745
PG,2023,100659
PG,2023,103123
PG,2023,101222
PG,2023,44161
PG,2023,62329
PG,2023,91056
PG,2023,80910
PG,2023,108446
PG,2023,32389
PG,2023,84800
PG,2023,76147
PG,2023,74983
PG,2023,70177
PG,2023,79431
PG,2023,79626
PG,2023,87643
PG,2023,79797
PG,2023,74839
PG,2023,109996
PG,2023,68901
PG,2023,31687
PG,2022,90793
PG,2023,58982
PG,2023,74643
PG,2023,78240
PG,2023,57300
PG,2023,69521
PG,2023,90349
PG,2023,79183
PG,2023,40802
PG,2023,73579
PG,2023,103739
PG,2023,110534
PG,2023,42914
PG,2023,107157
PG,2023,66077
PG,2023,57889
PG,2023,104420
PG,2023,72431
PG,2023,63844
PG,2023,70393
PG,2023,107877
PG,2023,63021
PG,2023,43466
PG,2023,88721
PG,2023,54683
PG,2023,75321
PG,2023,43195
PG,2023,75290
PG,2023,100497
PG,2023,50734
PG,2023,86258
PG,2023,89033
PG,2023,80664
PG,2023,78473
PG,2023,73239
PG,2023,89629
PG,2023,105621
PG,2023,108991
PG,2023,60674
PG,2023,110092
PG,2023,64818
PG,2023,29912
PG,2023,68008
PG,2023,85188
PG,2023,104803
PG,2023,82208
PG,2023,56069
DETE,2023,1690
PG,2023,68196
PG,2023,83052
PG,2023,80855
PG,2023,30588
PG,2023,87086
PG,2023,81306
PG,2023,78439
PG,2023,87385
PG,2023,50413
PG,2023,70073
PG,2023,79942
PG,2023,88613
PG,2023,49828
PG,2023,60289
PG,2023,68030
PG,2023,108103
PG,2023,93195
PG,2023,101316
PG,2023,56017
PG,2023,82038
PG,2023,54146
PG,2023,57463
PG,2023,104495
PG,2023,41264
PG,2023,86324
PG,2023,62566
PG,2023,102065
PG,2023,82628
PG,2023,73377
PG,2023,70057
PG,2023,54670
PG,2023,109430
PG,2023,57589
PG,2023,88851
PG,2023,53307
PG,2023,106792
PG,2023,107429
PG,2023,54739
PG,2023,43158
PG,2023,69925
PG,2023,69431
PG,2023,63325
PG,2023,57563
PG,2023,108363
PG,2023,91103
PG,2023,87202
PG,2023,50452
PG,2023,82227
PG,2023,74174
PG,2023,86809
PG,2023,54028
PG,2023,87072
PG,2023,89280
PG,2023,80419
PG,2023,61268
PG,2023,59721
PG,2023,76599
PG,2023,68470
PG,2023,88371
PG,2023,80510
PG,2023,109831
PG,2023,45874
PG,2023,107956
PG,2023,64746
PG,2023,65483
PG,2023,76959
PG,2023,79365
PG,2023,75470
PG,2023,106007
PG,2023,58278
PG,2023,103831
PG,2023,82027
PG,2023,84153
PG,2023,69883
PG,2023,66992
PG,2023,49734
PG,2023,62177
PG,2023,89932
PG,2023,104021
PG,2023,80553
PG,2023,58996
PG,2023,68099
PG,2023,86006
PG,2023,59163
PG,2023,68694
PG,2023,103522
PG,2023,63206
PG,2023,77141
PG,2023,103939
PG,2023,74794
PG,2023,78614
PG,2023,59497
PG,2023,65992
PG,2023,72248
PG,2023,66545
PG,2023,63734
PG,2023,65547
PG,2023,80887
PG,2023,104345
PG,2023,62717
PG,2023,46455
PG,2023,58922
PG,2023,92369
PG,2023,83040
PG,2023,77931
PG,2023,66860
PG,2023,78013
PG,2023,102008
PG,2023,63089
PG,2023,78039
PG,2023,57244
PG,2023,65760
PG,2023,82973
PG,2023,61254
PG,2023,106037
PG,2023,91404
PG,2023,48924
PG,2023,76086
PG,2023,107658
PG,2023,53913
PG,2023,102096
PG,2023,102500
PG,2023,90146
PG,2023,108031
PG,2023,110726
PG,2023,52148
PG,2023,86662
PG,2023,79923
PG,2023,64864
PG,2023,62137
PG,2023,60392
PG,2023,32418
PG,2023,103782
PG,2023,103742
PG,2023,48326
PG,2023,93576
PG,2023,52983
PG,2023,45465
PG,2023,72816
PG,2023,63067
PG,2023,110520
PG,2023,75452
PG,2023,65985
PG,2023,62119
PG,2023,109059
PG,2023,84425
PG,2023,54759
PG,2023,2901
PG,2023,57849
PG,2023,47983
PG,2023,66239
PG,2023,74137
PG,2023,49129
PG,2023,61904
PG,2023,58976
PG,2023,87692
PG,2023,88741
PG,2023,47585
PG,2023,56745
PG,2023,83419
PG,2023,62858
PG,2023,85098
PG,2023,30673
PG,2023,82243
PG,2023,86712
PG,2023,54736
PG,2023,64570
PG,2023,59964
PG,2023,79850
PG,2023,74857
PG,2023,68495
PG,2023,85379
PG,2023,57040
PG,2023,72486
PG,2023,74392
PG,2023,60630
PG,2023,81188
PG,2023,89363
PG,2023,82492
PG,2023,109143
PG,2023,75844
PG,2023,49629
PG,2023,44974
PG,2023,79069
PG,2023,104597
PG,2023,55141
PG,2023,82563
PG,2023,69918
PG,2023,68639
PG,2023,76455
PG,2023,75869
PG,2023,105929
PG,2023,80826
PG,2023,65972
PG,2023,70048
PG,2023,53782
PG,2023,80195
PG,2023,80427
PG,2023,54810
PG,2023,110270
PG,2023,57585
PG,2023,65640
PG,2023,103483
PG,2023,72364
PG,2023,53111
PG,2023,46674
PG,2023,76608
PG,2023,40339
PG,2023,50150
PG,2023,61836
PG,2023,69994
PG,2023,55297
PG,2023,71690
PG,2023,87359
PG,2023,66507
PG,2023,72568
PG,2023,109201
PG,2023,58087
PG,2023,108024
PG,2023,77994
PG,2023,80658
PG,2023,72629
PG,2023,102102
PG,2023,66617
PG,2023,76341
PG,2023,56943
PG,2023,104713
PG,2023,58112
PG,2023,68885
PG,2023,76022
PG,2023,66657
PG,2023,76021
PG,2023,102755
PG,2023,70543
PG,2023,79074
PG,2023,101172
PG,2023,86130
PG,2023,92077
PG,2023,63771
PG,2023,48656
PG,2023,79742
PG,2023,83570
PG,2023,68305
PG,2023,59955
PG,2023,31370
PG,2023,85971
PG,2023,57618
PG,2023,88670
PG,2023,85072
PG,2023,32240
PG,2023,110013
PG,2023,109321
PG,2023,104797
PG,2023,78979
PG,2023,102275
PG,2023,99276
PG,2023,32226
PG,2023,78820
PG,2023,69623
PG,2023,101996
PG,2023,67160
PG,2023,104962
PG,2023,77543
PG,2023,90328
PG,2023,101564
PG,2023,63123
PG,2023,92600
PG,2023,49031
PG,2023,74591
PG,2023,50703
PG,2023,54431
PG,2023,105502
PG,2023,63252
PG,2023,106465
PG,2023,58060
PG,2023,77092
PG,2023,77022
PG,2023,69921
PG,2023,86731
PG,2023,66883
PG,2023,51615
PG,2023,71673
PG,2023,67816
PG,2023,67126
PG,2023,74501
PG,2023,56682
PG,2023,89942
PG,2023,103506
PG,2023,105564
PG,2023,83089
PG,2023,55348
PG,2023,71857
PG,2023,87805
PG,2023,30829
PG,2023,64360
PG,2023,86826
PG,2023,40409
PG,2023,60506
PG,2023,85893
PG,2023,89797
PG,2023,109676
PG,2023,63417
PG,2023,86798
PG,2023,80376
PG,2022,70099
PG,2023,42352
PG,2023,85120
PG,2023,77996
PG,2023,67405
PG,2023,77181
PG,2023,56942
PG,2023,59068
PG,2023,71132
PG,2023,55828
PG,2023,66459
PG,2023,54493
PG,2023,84899
PG,2023,69135
PG,2023,103901
PG,2023,41944
PG,2023,70103
PG,2023,89168
PG,2023,66971
PG,2023,103827
PG,2023,84735
PG,2023,64635
PG,2023,84851
PG,2023,86343
PG,2023,85291
PG,2023,55754
PG,2023,54763
PG,2023,104310
PG,2023,81897
PG,2023,100444
PG,2023,85718
PG,2023,89234
PG,2023,68388
PG,2023,69545
PG,2023,89470
PG,2023,76176
PG,2023,84714
PG,2023,90182
PG,2023,90391
PG,2023,61196
PG,2023,52107
PG,2023,59402
PG,2023,56390
PG,2023,77411
PG,2023,59694
PG,2023,46115
PG,2023,60573
PG,2023,52853
PG,2023,82199
PG,2023,55910
PG,2023,66274
PG,2023,43317
PG,2023,84608
PG,2023,107775
PG,2023,107905
PG,2023,87181
PG,2023,81535
PG,2023,72918
PG,2023,104942
PG,2023,73082
PG,2023,57184
PG,2023,74186
PG,2023,75577
PG,2023,74146
PG,2023,89442
PG,2023,103557
PG,2023,64915
PG,2023,106991
PG,2023,80463
PG,2023,102631
PG,2023,103347
PG,2023,77950
PG,2023,102038
PG,2023,63414
PG,2023,66712
PG,2023,56366
PG,2023,92583
PG,2023,46105
PG,2023,85745
PG,2023,57515
PG,2023,45798
PG,2023,68752
PG,2023,64628
PG,2023,76447
PG,2023,88025
PG,2023,73869
PG,2023,79598
PG,2023,76685
PG,2023,109023
PG,2023,63854
PG,2023,60317
PG,2023,91430
PG,2023,78441
PG,2023,81266
PG,2022,112354
PG,2023,78578
PG,2023,61516
PG,2023,76625
PG,2023,108892
PG,2023,27952
PG,2023,38231
PG,2023,69303
PG,2023,73967
PG,2023,75584
PG,2023,50692
PG,2023,52828
PG,2023,70286
PG,2023,33775
PG,2023,62843
PG,2023,65866
PG,2023,64057
PG,2023,42552
PG,2023,93380
PG,2023,102082
PG,2023,60707
PG,2023,100649
PG,2023,71635
PG,2023,102043
PG,2023,108262
PG,2022,82552
PG,2023,107860
PG,2023,78892
PG,2023,81489
PG,2023,107137
PG,2023,56029
PG,2023,91007
PG,2023,79719
PG,2023,77255
PG,2023,66403
PG,2023,76701
PG,2023,89559
PG,2023,87885
PG,2023,60074
PG,2023,110151
PG,2023,83763
PG,2023,85246
PG,2023,75018
PG,2023,101242
PG,2023,90529
PG,2023,102719
PG,2023,42779
PG,2023,83663
PG,2023,64590
PG,2023,83475
PG,2023,56449
PG,2023,71807
PG,2023,69419
PG,2023,78658
PG,2023,78632
PG,2023,112698
PG,2023,48907
PG,2023,48219
PG,2023,77101
PG,2023,62820
PG,2023,60582
PG,2023,61504
PG,2023,83632
PG,2023,15036
PG,2022,95607
PG,2023,74015
PG,2023,68159
PG,2023,76374
PG,2023,30395
PG,2023,46808
PG,2023,108332
PG,2023,92601
PG,2023,58314
PG,2023,55094
PG,2023,65147
PG,2023,100629
PG,2023,83699
PG,2023,48091
PG,2023,87558
PG,2023,78577
PG,2023,50219
PG,2023,76071
PG,2023,63885
PG,2023,61897
PG,2023,68969
PG,2023,58734
PG,2023,76453
PG,2023,83030
PG,2023,70383
PG,2023,92153
PG,2023,70902
PG,2023,76259
PG,2023,80015
PG,2023,101491
PG,2023,75222
PG,2023,91955
PG,2023,80140
PG,2023,67538
PG,2023,84408
PG,2023,103828
PG,2023,56959
PG,2023,52071
PG,2023,105689
PG,2023,57516
PG,2023,66629
PG,2023,83226
PG,2023,87152
PG,2023,75655
PG,2023,72173
PG,2023,92411
PG,2023,72572
PG,2023,89944
PG,2023,89209
PG,2023,92180
PG,2023,78645
PG,2023,65709
PG,2023,60353
PG,2023,56238
PG,2023,101650
PG,2023,109857
PG,2023,83494
PG,2023,85605
PG,2023,71123
PG,2023,52833
PG,2023,57129
PG,2023,107368
PG,2023,67804
PG,2023,87825
PG,2023,100791
PG,2023,89697
PG,2023,41112
PG,2023,83567
PG,2023,64976
PG,2023,89361
PG,2023,67484
PG,2023,71421
PG,2023,71341
PG,2023,73760
PG,2023,109345
PG,2023,63310
PG,2023,85460
PG,2023,69341
PG,2023,65817
PG,2023,77045
PG,2023,74225
PG,2023,65327
PG,2023,32517
PG,2023,69764
PG,2023,55808
PG,2023,103855
PG,2023,51541
PG,2023,66208
PG,2023,75875
PG,2023,46236
PG,2023,84602
PG,2023,81182
PG,2023,83105
PG,2023,59363
PG,2023,41645
PG,2023,43417
PG,2023,54137
PG,2023,73708
PG,2023,66064
PG,2023,57454
PG,2023,75384
PG,2023,60550
PG,2023,67541
PG,2023,107891
PG,2023,59883
PG,2023,90129
PG,2023,86395
PG,2023,70237
PG,2023,86065
PG,2023,43460
PG,2023,87855
PG,2023,65412
PG,2023,101872
PG,2023,54499
PG,2023,100871
PG,2023,63321
PG,2023,86309
PG,2023,63919
PG,2023,89430
PG,2023,83811
PG,2023,102435
PG,2023,86489
PG,2023,91660
PG,2023,27228
PG,2023,60356
PG,2023,106825
PG,2023,62581
PG,2023,111295
PG,2023,63333
PG,2023,90969
PG,2023,80667
PG,2023,69731
PG,2023,54743
PG,2023,108043
PG,2023,75212
PG,2023,64763
PG,2023,67219
PG,2023,87865
PG,2023,88016
PG,2023,70818
PG,2023,64679
PG,2023,107834
PG,2023,84946
PG,2023,81661
PG,2023,80958
PG,2023,66153
PG,2023,86546
PG,2023,54433
PG,2023,83558
PG,2023,77335
PG,2023,74860
PG,2023,62179
PG,2023,107632
PG,2023,52905
PG,2023,105593
PG,2023,54832
PG,2023,104775
PG,2023,73953
PG,2023,83111
PG,2023,55042
PG,2023,74180
PG,2023,110022
PG,2023,58325
PG,2023,82863
PG,2023,51391
PG,2023,71469
PG,2023,46733
PG,2023,87976
PG,2023,91472
PG,2023,107448
PG,2023,68343
PG,2023,82630
PG,2023,107391
PG,2023,44600
PG,2023,69914
PG,2023,87154
PG,2023,76986
PG,2023,92322
PG,2023,80493
PG,2023,87882
PG,2023,56786
PG,2023,77064
PG,2023,100919
PG,2023,86302
PG,2023,60624
PG,2023,90265
PG,2023,69332
PG,2023,74644
PG,2023,55290
PG,2023,81672
PG,2023,110005
PG,2023,66609
PG,2023,107672
PG,2023,72961
PG,2023,66160
PG,2023,102480
PG,2023,56881
PG,2023,86600
PG,2023,75752
PG,2023,63284
PG,2023,46425
PG,2023,83847
PG,2023,102704
PG,2023,102977
PG,2023,45219
PG,2023,67396
PG,2023,84116
PG,2023,48836
PG,2023,100564
PG,2023,101798
PG,2023,47957
PG,2023,62295
PG,2023,78929
PG,2023,69943
PG,2023,73211
PG,2023,43826
PG,2023,67782
PG,2023,43227
PG,2023,90282
PG,2023,55065
PG,2023,107703
PG,2023,74540
PG,2023,78806
PG,2023,67143
PG,2023,65714
PG,2023,55287
PG,2023,82593
DETE,2023,1446
PG,2023,55729
PG,2023,72095
PG,2023,59326
PG,2023,82096
PG,2023,79664
PG,2023,78593
PG,2023,60631
PG,2023,82312
PG,2023,69252
PG,2023,71827
PG,2023,100937
PG,2023,66371
PG,2023,51182
PG,2023,72313
PG,2023,83385
PG,2023,76797
PG,2023,101998
PG,2023,105905
PG,2023,57865
PG,2023,80545
PG,2023,79863
PG,2023,76109
PG,2023,79496
PG,2023,78786
PG,2023,33872
PG,2023,54171
PG,2023,71399
PG,2023,60014
PG,2023,55789
PG,2023,53799
PG,2023,65085
PG,2023,80922
PG,2023,45994
PG,2023,89333
PG,2023,29925
PG,2023,103689
PG,2023,75336
PG,2023,61888
PG,2023,48407
PG,2023,101116
PG,2023,52232
PG,2023,60980
PG,2023,78035
PG,2023,30699
PG,2023,91694
PG,2023,67772
PG,2023,80067
PG,2023,79709
PG,2023,102363
PG,2023,100501
PG,2023,112123
PG,2023,61494
PG,2023,80215
PG,2023,49108
PG,2023,104519
PG,2023,80265
PG,2023,77100
PG,2023,86702
PG,2023,57171
PG,2023,85630
PG,2023,77985
PG,2023,65141
PG,2023,81506
PG,2023,104009
PG,2023,57580
PG,2023,32412
PG,2023,56555
PG,2023,61175
PG,2023,87454
PG,2023,56369
PG,2023,69654
PG,2023,91376
PG,2023,77866
PG,2023,69189
PG,2023,60669
PG,2023,61912
PG,2023,67844
PG,2023,64909
PG,2023,75405
PG,2023,53644
PG,2023,54193
PG,2023,62829
PG,2023,70616
PG,2023,77717
PG,2023,47633
PG,2023,86999
PG,2023,76281
PG,2023,72619
PG,2023,50680
PG,2023,82996
PG,2023,48313
PG,2023,40963
PG,2023,64982
PG,2023,88846
PG,2023,65463
PG,2023,80501
PG,2023,71499
PG,2023,66845
PG,2023,43615
PG,2023,79593
PG,2023,74471
PG,2023,78933
PG,2023,69530
PG,2023,86467
PG,2023,59413
PG,2023,65113
PG,2023,79834
PG,2023,71745
PG,2023,59879
PG,2023,69307
PG,2023,9564
PG,2023,79537
PG,2023,73290
PG,2023,112295
PG,2023,64532
PG,2023,68571
PG,2023,77374
PG,2023,76766
PG,2023,85496
PG,2023,58857
PG,2023,64292
PG,2023,54056
PG,2023,73099
PG,2023,88596
PG,2023,63292
PG,2023,55378
PG,2023,57559
PG,2023,70113
PG,2023,44260
PG,2023,89151
PG,2023,104311
PG,2023,70476
PG,2023,80444
PG,2023,86800
PG,2023,105483
PG,2023,63181
PG,2023,40574
PG,2023,80413
PG,2023,64196
PG,2023,67874
PG,2023,81116
PG,2023,85650
PG,2023,84379
PG,2023,109285
PG,2023,87368
PG,2023,65843
PG,2023,66088
PG,2023,58070
PG,2023,45118
PG,2023,60580
PG,2023,89154
PG,2023,60658
PG,2023,68459
PG,2023,85619
PG,2023,89840
PG,2023,57721
PG,2023,74139
PG,2023,104533
PG,2023,83168
PG,2023,34580
PG,2023,70610
PG,2023,81290
PG,2023,58790
PG,2023,83525
PG,2023,107475
PG,2023,84245
PG,2023,88042
PG,2023,91187
PG,2023,74466
PG,2023,55247
PG,2023,102817
PG,2023,101745
PG,2023,75471
PG,2023,70957
PG,2023,61270
PG,2023,103856
PG,2023,57297
PG,2023,76035
PG,2023,70053
PG,2023,67351
PG,2023,53465
PG,2023,59180
PG,2023,55192
PG,2023,92260
PG,2023,62044
PG,2023,78739
PG,2023,80227
PG,2023,52476
PG,2023,66337
PG,2023,86824
PG,2023,105131
PG,2023,65757
PG,2023,64835
PG,2023,103468
PG,2023,84666
PG,2023,77067
PG,2023,78700
PG,2023,71374
PG,2023,63789
PG,2023,61263
PG,2023,91387
PG,2023,63490
PG,2023,74921
PG,2023,57312
PG,2023,57529
PG,2023,90565
PG,2023,100939
PG,2023,67732
PG,2023,111784
PG,2023,69168
PG,2023,77593
PG,2023,75138
PG,2023,73292
PG,2023,88523
PG,2023,79647
PG,2023,69102
PG,2023,80024
PG,2023,22759
PG,2023,104213
PG,2023,107044
PG,2023,49881
PG,2023,67770
PG,2023,91815
PG,2023,79695
PG,2023,73688
PG,2023,66184
PG,2023,83560
PG,2023,32178
PG,2023,70718
PG,2023,92342
PG,2023,87829
PG,2023,86129
PG,2023,72133
PG,2023,67635
PG,2023,63752
PG,2023,85220
PG,2023,77984
PG,2023,76497
PG,2023,87003
PG,2023,68844
PG,2023,63326
PG,2023,82899
PG,2023,70414
PG,2023,82920
PG,2023,43800
PG,2023,42789
PG,2023,85365
PG,2023,65521
PG,2023,59996
PG,2023,45984
PG,2023,64079
PG,2023,109214
PG,2023,86441
PG,2023,85096
PG,2023,74893
PG,2023,70485
PG,2023,89359
PG,2023,77664
PG,2023,30977
PG,2023,41741
PG,2023,109562
PG,2023,84953
PG,2023,52949
PG,2023,108137
PG,2023,43274
PG,2023,68747
PG,2023,107881
PG,2023,104589
PG,2023,78891
PG,2023,83063
DETE,2023,2442
PG,2023,104931
PG,2023,80500
PG,2023,46638
PG,2023,84772
PG,2023,65900
PG,2023,73130
PG,2023,105136
PG,2023,53037
PG,2023,80675
PG,2023,77456
PG,2023,55146
PG,2023,60267
PG,2023,57535
PG,2023,78858
PG,2023,92991
PG,2023,64896
PG,2023,54315
PG,2023,42771
PG,2023,45979
PG,2023,58189
PG,2023,53678
PG,2023,74746
PG,2023,74908
PG,2023,70427
PG,2023,102261
PG,2023,60040
PG,2023,76815
PG,2023,82364
PG,2023,88827
PG,2023,64591
PG,2023,57960
PG,2023,43750
PG,2023,67537
PG,2023,57540
PG,2023,66091
PG,2023,52140
PG,2023,70635
PG,2023,109021
PG,2023,74102
PG,2023,109320
PG,2023,72654
PG,2023,32484
PG,2023,70568
PG,2023,90559
PG,2023,61345
PG,2023,74795
PG,2023,100617
PG,2023,100694
PG,2023,60667
PG,2023,70900
PG,2023,101661
PG,2023,106986
PG,2023,105767
PG,2023,81878
PG,2023,80281
PG,2023,90278
PG,2023,65168
PG,2023,87206
PG,2023,68344
PG,2023,80625
PG,2023,64596
PG,2023,106471
PG,2023,42396
PG,2023,87710
PG,2023,85668
PG,2023,68339
PG,2023,66576
PG,2023,64836
PG,2023,107413
PG,2023,68780
PG,2023,77377
PG,2023,48318
PG,2023,103550
PG,2023,74796
PG,2023,83412
PG,2023,60078
PG,2023,83502
PG,2023,75399
PG,2023,61566
PG,2023,81014
PG,2023,71817
PG,2023,76157
PG,2023,60363
PG,2023,101405
PG,2023,61466
PG,2023,84676
PG,2023,102172
PG,2023,80489
PG,2023,53823
PG,2023,102792
PG,2023,66929
PG,2023,47710
PG,2023,83375
PG,2023,69940
PG,2023,51586
PG,2023,109012
PG,2023,58218
PG,2023,107845
PG,2023,77459
PG,2023,108445
PG,2023,54561
PG,2023,72038
PG,2023,41656
PG,2023,61279
PG,2023,87672
PG,2023,77834
PG,2023,108951
PG,2023,77860
PG,2023,73272
PG,2023,78167
PG,2023,79640
PG,2023,112958
PG,2023,47968
PG,2023,81638
PG,2023,69547
PG,2023,67354
PG,2023,59573
PG,2023,65444
PG,2023,63878
PG,2023,81428
PG,2023,60758
PG,2023,80437
PG,2023,73979
PG,2023,83370
PG,2023,108945
PG,2023,48015
PG,2023,52586
PG,2023,101546
PG,2023,50607
PG,2023,63320
PG,2023,105782
PG,2023,87494
PG,2023,89552
PG,2023,76129
PG,2023,102821
PG,2023,82805
PG,2023,73604
PG,2023,60346
PG,2023,106739
PG,2023,58639
PG,2023,29974
PG,2023,65172
PG,2023,75392
PG,2023,56987
PG,2023,66941
PG,2023,81914
PG,2023,81288
PG,2023,108619
PG,2023,110104
PG,2023,64190
PG,2023,84420
PG,2023,101291
PG,2023,58129
PG,2023,78236
PG,2023,104096
PG,2023,75862
PG,2023,101306
PG,2023,3844
PG,2023,48792
PG,2023,42974
PG,2023,105003
PG,2023,103182
PG,2023,58851
PG,2023,103474
PG,2023,65482
PG,2023,83001
PG,2023,85705
PG,2023,66377
PG,2023,84713
PG,2023,70460
PG,2023,73850
PG,2023,59621
PG,2023,48993
PG,2023,79632
PG,2023,66415
PG,2023,87336
PG,2023,58119
PG,2023,91794
PG,2023,52923
PG,2023,68821
PG,2023,70425
PG,2023,85301
PG,2023,52468
PG,2023,88786
PG,2023,45328
PG,2023,54021
PG,2023,57891
PG,2023,105561
PG,2023,101290
PG,2023,74197
PG,2023,84966
PG,2023,85950
PG,2023,74128
PG,2023,74412
PG,2023,78133
PG,2023,30566
PG,2023,109344
PG,2023,62966
PG,2023,64441
PG,2023,104300
PG,2023,101740
PG,2023,47186
PG,2023,65685
PG,2023,30537
PG,2023,103930
PG,2023,90057
PG,2023,57152
PG,2023,101497
PG,2023,101236
PG,2023,57612
PG,2023,57359
PG,2023,66671
PG,2023,83113
PG,2023,51496
PG,2023,71110
PG,2023,105296
PG,2023,92751
PG,2023,75507
PG,2023,75746
PG,2023,72585
PG,2023,73141
PG,2023,63194
PG,2023,88240
PG,2023,54459
PG,2023,76789
PG,2023,103995
PG,2023,85593
PG,2023,71739
PG,2023,82669
PG,2023,106031
PG,2023,47795
PG,2023,53615
PG,2023,66895
PG,2023,82260
PG,2023,73238
PG,2023,81430
PG,2023,65938
PG,2023,54387
PG,2023,69425
PG,2023,102083
PG,2023,40646
PG,2023,86669
PG,2023,30712
PG,2023,87099
PG,2023,42784
PG,2023,79078
PG,2023,74235
PG,2023,58879
PG,2023,70162
PG,2023,73907
PG,2023,72637
PG,2023,82769
PG,2023,86561
PG,2023,55899
PG,2023,32431
PG,2023,71614
PG,2023,83670
PG,2023,67356
PG,2023,42969
PG,2023,88767
PG,2023,66848
PG,2023,90150
PG,2023,75149
PG,2023,90970
PG,2023,103176
PG,2023,57850
PG,2023,40377
PG,2023,84868
PG,2023,78919
PG,2023,73357
PG,2023,47661
PG,2023,75133
PG,2023,76211
PG,2023,103116
PG,2023,74720
PG,2023,102395
PG,2023,59735
PG,2023,54727
PG,2023,53935
PG,2023,102833
PG,2023,32611
PG,2023,80977
PG,2023,88168
PG,2023,80106
PG,2023,80519
PG,2023,77576
PG,2023,57462
PG,2023,45377
PG,2023,66901
PG,2023,52885
PG,2023,73682
PG,2023,56166
PG,2023,75920
PG,2023,73820
PG,2023,77199
PG,2023,93374
PG,2023,90521
PG,2023,57023
PG,2023,103525
PG,2023,51552
PG,2023,78397
PG,2023,77450
PG,2023,62652
PG,2023,72678
PG,2023,100530
PG,2023,45952
PG,2023,60385
PG,2023,108027
PG,2023,68770
PG,2023,101938
PG,2023,46885
PG,2023,61411
PG,2023,77896
PG,2023,61880
PG,2023,40874
PG,2023,80944
PG,2023,65316
PG,2023,58912
PG,2023,55133
PG,2023,73356
PG,2023,81199
PG,2023,61651
PG,2023,75338
PG,2023,68215
PG,2023,77821
PG,2023,107590
PG,2023,108140
PG,2023,46303
PG,2023,78452
PG,2023,108559
PG,2023,79726
PG,2023,55201
PG,2023,80223
PG,2023,70893
PG,2023,79953
PG,2023,103386
PG,2023,75450
PG,2023,67280
PG,2023,53050
PG,2023,59499
PG,2023,76845
PG,2023,106744
PG,2023,51776
PG,2023,103318
PG,2023,66193
PG,2023,71758
PG,2023,75369
PG,2023,73145
PG,2023,47687
PG,2023,72093
PG,2023,102764
PG,2023,47777
PG,2023,80404
PG,2023,56341
PG,2023,76188
PG,2023,40810
PG,2023,81565
PG,2023,55131
PG,2023,57567
PG,2023,90274
PG,2023,41881
PG,2023,58217
PG,2023,54175
PG,2023,103986
PG,2023,56142
PG,2023,105447
PG,2023,90309
PG,2023,87011
PG,2023,83416
PG,2023,86924
PG,2023,83478
PG,2023,73074
PG,2023,89534
PG,2023,73831
PG,2023,89600
PG,2023,44084
PG,2023,92638
PG,2023,71043
PG,2023,73572
PG,2023,73635
PG,2023,63077
PG,2023,100820
PG,2023,104406
PG,2023,78699
PG,2023,83023
PG,2023,53546
PG,2023,103297
PG,2023,58321
PG,2023,75951
PG,2023,88894
PG,2023,104091
PG,2023,69352
PG,2023,82966
PG,2023,40511
PG,2023,52894
PG,2023,76193
PG,2023,58769
PG,2023,79833
PG,2023,75615
PG,2023,89913
PG,2023,77330
PG,2023,64245
PG,2023,88291
PG,2023,66025
PG,2023,56668
PG,2023,78696
PG,2023,59063
PG,2023,62757
PG,2023,31419
PG,2023,72801
PG,2023,60529
PG,2023,90948
PG,2023,84671
PG,2023,108360
PG,2023,105196
PG,2023,66508
PG,2023,103306
PG,2023,58154
PG,2023,91519
PG,2023,108681
PG,2023,82493
PG,2023,107150
PG,2023,106877
PG,2023,46805
PG,2023,77300
PG,2023,41057
PG,2023,107776
PG,2023,75415
PG,2023,69671
PG,2023,73735
PG,2023,90728
PG,2023,101731
PG,2023,40278
PG,2023,108050
PG,2023,58918
PG,2023,57006
PG,2023,104455
PG,2023,75490
PG,2023,53630
PG,2023,58909
PG,2023,54472
PG,2023,81507
PG,2023,79776
PG,2023,76836
PG,2023,55850
PG,2023,102608
PG,2023,93523
PG,2023,60024
PG,2023,107373
PG,2023,106039
PG,2023,55457
PG,2023,91811
PG,2023,106587
PG,2023,61326
PG,2023,80439
PG,2023,103803
PG,2023,77787
PG,2023,66950
PG,2023,108187
PG,2023,57816
PG,2023,69185
PG,2023,80113
PG,2023,107388
PG,2023,48274
PG,2023,52846
PG,2023,73160
PG,2023,69937
PG,2023,101314
PG,2023,100500
PG,2023,82261
PG,2023,63244
PG,2023,101581
PG,2023,85813
PG,2023,107868
PG,2023,58599
PG,2023,76362
PG,2023,53827
PG,2023,67996
PG,2023,89838
PG,2023,80793
PG,2023,89272
PG,2023,92429
PG,2023,62145
PG,2023,88611
PG,2023,87006
PG,2023,85187
PG,2023,85763
PG,2023,63143
PG,2023,54483
PG,2023,53690
PG,2023,53955
PG,2023,91168
PG,2023,78234
PG,2023,66409
PG,2023,108984
PG,2023,108107
PG,2023,75253
PG,2023,71934
PG,2023,67419
PG,2023,57970
PG,2023,82659
PG,2023,67119
PG,2023,83469
PG,2023,110135
PG,2023,57450
PG,2023,100959
PG,2023,104445
PG,2023,63542
PG,2023,57192
PG,2023,75347
PG,2023,55567
PG,2023,75431
PG,2023,47396
PG,2023,62220
PG,2023,51255
PG,2023,52958
PG,2023,77016
PG,2023,66529
PG,2023,108452
PG,2023,84653
PG,2023,30933
PG,2023,83982
PG,2023,56393
PG,2023,102519
PG,2023,63171
PG,2023,89679
PG,2023,80589
PG,2023,57206
PG,2023,53104
PG,2023,87436
PG,2023,89504
PG,2023,73637
PG,2023,31689
PG,2023,88858
PG,2023,47513
PG,2023,110919
PG,2023,73338
PG,2023,63899
PG,2023,46843
PG,2023,80162
PG,2023,89725
PG,2023,76349
PG,2023,80680
PG,2023,32228
PG,2023,78770
PG,2023,66610
PG,2023,43637
PG,2023,108586
PG,2023,105177
PG,2023,48450
PG,2023,86053
PG,2023,62360
PG,2023,101853
PG,2023,70274
PG,2023,71088
PG,2023,72978
PG,2023,16727
PG,2023,75634
PG,2023,89625
PG,2023,50522
PG,2023,87126
PG,2023,36826
PG,2023,82542
PG,2023,67082
PG,2023,59113
PG,2023,59468
PG,2023,40891
PG,2023,60755
PG,2023,41951
PG,2023,60777
PG,2023,59060
PG,2023,88595
PG,2023,65130
PG,2023,74607
PG,2023,77865
PG,2023,80291
PG,2023,63698
PG,2023,75125
PG,2023,84294
PG,2023,103886
PG,2023,90906
PG,2023,80421
PG,2023,67580
PG,2023,89146
PG,2023,70675
PG,2023,87159
PG,2023,64464
PG,2023,70571
PG,2023,80197
PG,2023,60640
PG,2023,90166
PG,2023,64059
PG,2023,46457
PG,2023,63852
PG,2023,85468
PG,2023,84596
PG,2023,101765
PG,2023,65343
PG,2023,64607
PG,2023,53562
PG,2023,56531
PG,2023,77610
PG,2023,70165
PG,2023,69148
PG,2023,87985
PG,2022,64570
PG,2023,85329
PG,2023,43290
PG,2023,61830
PG,2023,53558
PG,2023,107621
PG,2023,86485
PG,2023,65037
PG,2023,86043
PG,2023,81184
PG,2023,88726
PG,2023,71597
PG,2023,61828
PG,2023,59422
PG,2023,46434
PG,2023,74858
PG,2023,85824
PG,2023,43457
PG,2023,49961
PG,2023,89193
PG,2023,81337
PG,2023,101391
PG,2023,84840
PG,2023,60101
PG,2023,64485
PG,2023,93455
PG,2023,69095
PG,2023,77552
PG,2023,80532
PG,2023,103695
PG,2023,83500
PG,2023,73972
PG,2023,46705
PG,2023,107115
PG,2023,54513
PG,2023,89163
PG,2023,108232
PG,2023,78011
PG,2023,92786
PG,2023,81852
PG,2023,56400
PG,2023,74767
PG,2023,72145
PG,2023,73484
PG,2023,62517
PG,2023,74627
PG,2023,63165
PG,2023,104296
PG,2023,70488
PG,2023,59133
PG,2023,107798
PG,2023,77098
PG,2023,69208
PG,2023,66743
PG,2023,82660
PG,2023,78897
PG,2023,58302
PG,2023,92255
PG,2023,32467
PG,2023,73732
PG,2023,51951
PG,2023,101147
PG,2023,75761
PG,2023,72750
PG,2023,73486
PG,2023,81819
PG,2023,67211
PG,2023,78076
PG,2023,50271
PG,2023,106737
PG,2023,92111
PG,2023,53979
PG,2023,58824
PG,2023,102297
PG,2023,64473
PG,2023,104684
PG,2023,60328
PG,2023,59967
PG,2023,58754
PG,2023,73101
PG,2023,67691
PG,2023,66187
PG,2023,90072
PG,2023,87020
PG,2023,70090
PG,2023,109987
PG,2023,69719
PG,2023,60923
PG,2023,59937
PG,2023,110115
PG,2023,66982
PG,2023,106840
PG,2023,75660
PG,2023,69741
PG,2023,69385
PG,2023,32283
PG,2023,53154
PG,2023,65330
PG,2023,69548
DELI,2023,299
PG,2023,61226
PG,2023,59780
PG,2023,67159
PG,2023,86164
PG,2023,60046
PG,2023,51103
PG,2023,79924
PG,2023,77341
PG,2023,102018
PG,2023,109028
PG,2023,60849
PG,2023,70873
PG,2023,44073
PG,2023,91372
PG,2023,87009
PG,2023,53769
PG,2023,53140
PG,2023,58219
PG,2023,44970
PG,2023,42324
PG,2023,53925
PG,2023,72487
PG,2023,51752
PG,2023,100477
PG,2023,71148
PG,2023,65624
PG,2023,109839
PG,2023,67771
PG,2023,80134
PG,2023,102692
PG,2023,59945
PG,2023,64210
PG,2023,61582
PG,2023,63301
PG,2023,83430
PG,2023,44111
PG,2023,77530
PG,2023,103708
PG,2023,85939
PG,2023,52633
PG,2023,75928
PG,2023,69834
PG,2023,66769
PG,2023,63063
PG,2023,70790
PG,2023,100817
PG,2023,109515
PG,2023,77545
PG,2023,43846
PG,2023,85189
PG,2023,78572
PG,2023,55543
PG,2023,71246
PG,2023,91030
PG,2023,69349
PG,2023,83076
PG,2023,90250
PG,2023,103478
PG,2023,50670
PG,2023,60887
PG,2023,72264
PG,2023,102266
PG,2023,59272
PG,2023,23250
PG,2023,52632
PG,2023,104526
PG,2023,65400
PG,2023,110053
PG,2023,53032
PG,2023,87702
PG,2023,100535
PG,2023,107086
PG,2023,84021
PG,2023,100432
PG,2023,76615
PG,2023,59126
PG,2023,71910
PG,2023,70729
PG,2023,104846
PG,2023,83350
PG,2023,77546
PG,2023,100907
PG,2023,58919
PG,2023,104107
PG,2023,70453
PG,2023,89847
PG,2023,78874
PG,2023,105643
PG,2023,88327
PG,2023,72906
PG,2023,59273
PG,2023,69668
PG,2023,62750
PG,2023,90176
PG,2023,47261
PG,2023,55944
PG,2023,85392
PG,2023,64731
PG,2023,60579
PG,2023,100965
PG,2023,90279
PG,2023,70245
PG,2023,78159
PG,2023,73835
PG,2023,104958
PG,2023,76529
PG,2023,65088
PG,2023,70076
PG,2023,50800
PG,2023,78427
PG,2023,93397
PG,2023,89260
PG,2023,71576
PG,2023,58211
PG,2023,66460
PG,2023,86432
PG,2023,103162
PG,2023,30283
PG,2023,89255
PG,2023,82921
PG,2023,71405
PG,2023,59398
PG,2023,77972
PG,2023,81849
PG,2023,109873
PG,2022,109329
PG,2023,62747
PG,2023,79279
PG,2023,65163
PG,2023,87873
PG,2023,68825
PG,2023,52629
PG,2023,105906
PG,2023,103426
PG,2023,72214
PG,2023,80844
PG,2023,74719
PG,2023,106750
PG,2023,107739
PG,2023,75698
PG,2023,103936
PG,2023,58768
PG,2023,57852
PG,2023,40858
PG,2023,58318
PG,2023,87084
PG,2023,67218
PG,2023,74898
PG,2023,71119
PG,2023,88498
PG,2023,80547
PG,2023,82646
PG,2023,75101
PG,2023,76245
PG,2023,92360
PG,2023,87653
PG,2023,71862
PG,2023,46454
PG,2023,70734
PG,2023,83427
PG,2023,70552
PG,2023,49911
PG,2023,50784
PG,2023,102939
PG,2023,53683
PG,2023,81274
PG,2023,53474
PG,2023,81075
PG,2023,55078
PG,2023,82403
PG,2023,32221
PG,2023,76141
PG,2023,74245
PG,2023,77875
PG,2023,60342
PG,2023,63815
PG,2023,41361
PG,2023,21756
PG,2023,88993
PG,2023,67359
PG,2023,66977
PG,2023,107360
PG,2023,63093
PG,2023,88040
PG,2023,53549
PG,2023,64789
PG,2022,68984
PG,2023,107838
PG,2023,71656
PG,2023,93405
PG,2023,101520
PG,2023,76779
PG,2023,90299
PG,2023,105646
PG,2023,60884
PG,2023,91961
PG,2023,80424
PG,2023,59171
PG,2023,106845
PG,2023,83132
PG,2023,72412
PG,2023,106766
PG,2023,88198
PG,2023,65413
PG,2023,85765
PG,2023,54115
PG,2023,63747
PG,2023,106561
PG,2023,103960
PG,2023,103999
PG,2023,54173
PG,2023,67132
PG,2023,59262
PG,2023,76216
PG,2023,107741
PG,2023,79991
PG,2023,109168
PG,2023,105553
PG,2023,104514
PG,2023,82643
PG,2023,88005
PG,2023,44112
PG,2023,58978
PG,2023,44109
PG,2023,61459
PG,2023,57591
PG,2023,109299
PG,2023,101788
PG,2023,89300
PG,2023,42295
PG,2023,63742
PG,2023,103834
PG,2023,59265
PG,2023,48958
PG,2023,3924
PG,2023,57803
PG,2023,91693
PG,2023,53468
PG,2023,78216
PG,2023,109691
PG,2023,85792
PG,2023,100584
PG,2023,53091
PG,2023,61742
PG,2023,105899
PG,2023,70838
PG,2023,53642
PG,2023,81161
PG,2023,71024
PG,2023,80343
PG,2023,63182
PG,2023,42623
PG,2023,89317
PG,2023,64185
PG,2023,57808
PG,2023,65922
PG,2023,80347
PG,2023,87570
PG,2023,58899
PG,2023,53750
PG,2023,86436
PG,2023,60452
PG,2023,65021
PG,2023,58657
PG,2023,49448
PG,2023,62645
PG,2023,32275
PG,2023,100620
PG,2023,104936
PG,2023,60683
PG,2023,70730
PG,2023,74160
PG,2023,86036
PG,2023,65159
PG,2023,82099
PG,2023,108670
PG,2023,76523
PG,2023,32317
PG,2023,65871
PG,2023,78682
PG,2023,67556
PG,2023,105227
PG,2023,61483
PG,2023,72117
PG,2023,55230
PG,2023,103356
PG,2023,58696
PG,2023,85444
PG,2023,77023
PG,2023,74224
PG,2023,88416
PG,2023,100465
PG,2023,86007
PG,2023,106848
PG,2023,57536
PG,2023,80395
PG,2023,74297
PG,2023,102810
PG,2023,61465
PG,2023,105424
PG,2023,51195
PG,2023,80813
PG,2023,78492
PG,2023,63344
PG,2023,73965
PG,2023,77606
PG,2023,101604
PG,2023,74090
PG,2023,61227
PG,2023,73363
PG,2023,89853
PG,2023,52365
PG,2023,89581
PG,2023,62081
PG,2023,85366
PG,2023,58249
PG,2023,53100
PG,2023,103907
PG,2023,60309
PG,2023,88097
PG,2023,33691
PG,2023,83128
PG,2023,79380
PG,2023,43991
PG,2023,59345
PG,2023,58027
PG,2023,86652
PG,2023,80121
PG,2023,77982
PG,2023,63980
PG,2023,88280
PG,2023,30405
PG,2023,83348
PG,2023,71193
PG,2023,40210
PG,2023,83941
PG,2023,53570
PG,2023,30616
PG,2023,53729
PG,2023,91051
PG,2023,91200
PG,2023,68518
PG,2023,90222
PG,2023,107001
PG,2023,61522
PG,2023,57004
PG,2023,79111
PG,2023,84003
PG,2023,67707
PG,2023,62650
PG,2023,75745
PG,2023,79748
PG,2023,84821
PG,2023,104042
PG,2023,84872
PG,2023,57946
PG,2023,85480
PG,2023,109847
PG,2023,87667
PG,2023,68755
PG,2023,92730
PG,2023,53774
PG,2023,88824
PG,2023,105046
PG,2023,52009
PG,2023,85690
PG,2023,71429
PG,2023,59711
PG,2023,75244
PG,2023,74395
PG,2023,86400
PG,2023,59610
PG,2023,53458
PG,2023,67939
PG,2023,40425
PG,2023,80705
PG,2023,30968
